prefix_tokens,mean_next_token_entropy,silhouette_score,model_id,participation_ratio,effective_rank
10,0.31967940792601657,1.0,,,
20,0.12727927224647462,1.0,,,
30,0.10010333843221768,0.42555221915245056,,,
40,0.0573815323588342,0.2133500874042511,,,
50,0.07730448663296124,0.16805286705493927,,,
60,0.05465955477797538,0.1128377914428711,,,
70,0.07050668229527085,0.0333147831261158,,,
80,0.07583012822353231,0.03905094414949417,,,
90,0.09120094107476145,0.03610995411872864,,,
100,0.08189824489416947,0.04844839498400688,,,
110,0.08881785137578004,0.05309886485338211,,,
120,0.09317186055395804,0.05314754322171211,,,
130,0.0993598232795625,0.03919548913836479,,,
140,0.12451668385789894,0.059882279485464096,,,
150,0.14723205315874277,0.036483779549598694,,,
10,0.0027929556703033564,,microsoft/Phi-3-small-8k-instruct,0.008837311744689942,0.009782049179077148
20,0.033815260996684436,,microsoft/Phi-3-small-8k-instruct,0.009405296325683593,0.0116815824508667
30,0.17492135136956885,,microsoft/Phi-3-small-8k-instruct,0.007851210276285808,0.01498343022664388
40,0.08886661946483251,,microsoft/Phi-3-small-8k-instruct,0.007737285137176514,0.02168025016784668
50,0.09517740076002389,,microsoft/Phi-3-small-8k-instruct,0.009868387132883072,0.03631031885743141
60,0.08942482700176978,,microsoft/Phi-3-small-8k-instruct,0.012020514346659184,0.05213166028261185
70,0.08747892467122209,,microsoft/Phi-3-small-8k-instruct,0.014216084964573383,0.0682552382349968
80,0.09290881678121687,,microsoft/Phi-3-small-8k-instruct,0.016275307163596153,0.08298070728778839
90,0.10606639848457008,,microsoft/Phi-3-small-8k-instruct,0.018187200650572777,0.09621886909008026
100,0.09710674976133314,,microsoft/Phi-3-small-8k-instruct,0.01993967406451702,0.10803285986185074
110,0.10222862276054352,,microsoft/Phi-3-small-8k-instruct,0.021491333842277527,0.11808589845895767
120,0.09854196751355566,,microsoft/Phi-3-small-8k-instruct,0.022976355627179146,0.12775979936122894
130,0.11432407230560138,,microsoft/Phi-3-small-8k-instruct,0.024201342836022377,0.1357436180114746
140,0.1395751105015009,,microsoft/Phi-3-small-8k-instruct,0.025064919143915176,0.14124798774719238
150,0.1492202765197769,,microsoft/Phi-3-small-8k-instruct,0.02572743594646454,0.14548803865909576
10,0.054749429546040417,,microsoft/Phi-3-mini-4k-instruct,0.009373103141784668,0.010029911994934082
20,0.17976370749262507,,microsoft/Phi-3-mini-4k-instruct,0.00849283790588379,0.011240715980529786
30,0.1837207504925774,,microsoft/Phi-3-mini-4k-instruct,0.0066325244903564454,0.01041406504313151
40,0.1571610278001646,,microsoft/Phi-3-mini-4k-instruct,0.0071752263853947324,0.01692102973659833
50,0.09212072807446538,,microsoft/Phi-3-mini-4k-instruct,0.008046497901280722,0.026453820367654163
60,0.1250371483207529,,microsoft/Phi-3-mini-4k-instruct,0.009285607685645422,0.04172764718532562
70,0.10731589069008912,,microsoft/Phi-3-mini-4k-instruct,0.009926657502849897,0.057168543338775635
80,0.09336289815678903,,microsoft/Phi-3-mini-4k-instruct,0.010314245397845903,0.07196999589602153
90,0.10509534027161535,,microsoft/Phi-3-mini-4k-instruct,0.01054280623793602,0.08397651712099712
100,0.11853578007004546,,microsoft/Phi-3-mini-4k-instruct,0.010785429428021112,0.09660412867863973
110,0.11247698287225763,,microsoft/Phi-3-mini-4k-instruct,0.010841830323139826,0.1062932809193929
120,0.11481331579893485,,microsoft/Phi-3-mini-4k-instruct,0.010885914166768393,0.11480237046877544
130,0.11470487675491942,,microsoft/Phi-3-mini-4k-instruct,0.010765213519334793,0.12152578433354695
140,0.10472465102612734,,microsoft/Phi-3-mini-4k-instruct,0.010768314202626547,0.1282684008280436
150,0.13331944423483288,,microsoft/Phi-3-mini-4k-instruct,0.01069250206152598,0.13340131441752115
10,0.31999823712275133,,meta-llama/Meta-Llama-3-8B-Instruct,0.007435241222381592,0.00846232032775879
20,0.13075982431082867,,meta-llama/Meta-Llama-3-8B-Instruct,0.00690173053741455,0.009202417373657226
30,0.10016298917467316,,meta-llama/Meta-Llama-3-8B-Instruct,0.006384897867838542,0.013083264668782553
40,0.05739023016275194,,meta-llama/Meta-Llama-3-8B-Instruct,0.006716250896453857,0.020429622650146483
50,0.07711705500487821,,meta-llama/Meta-Llama-3-8B-Instruct,0.00890221819281578,0.03485007584095001
60,0.054457613038680776,,meta-llama/Meta-Llama-3-8B-Instruct,0.011237445287406445,0.050384849309921265
70,0.07023473222635636,,meta-llama/Meta-Llama-3-8B-Instruct,0.013564041815698147,0.06555105745792389
80,0.07575828754439135,,meta-llama/Meta-Llama-3-8B-Instruct,0.015668267384171486,0.07820726186037064
90,0.09138293186722896,,meta-llama/Meta-Llama-3-8B-Instruct,0.01761053130030632,0.08904533833265305
100,0.08196083730818905,,meta-llama/Meta-Llama-3-8B-Instruct,0.01931244693696499,0.09816781431436539
110,0.08843656902414676,,meta-llama/Meta-Llama-3-8B-Instruct,0.020711403340101242,0.10530297458171844
120,0.09298199028227677,,meta-llama/Meta-Llama-3-8B-Instruct,0.02199620194733143,0.11182110756635666
130,0.09941136538350827,,meta-llama/Meta-Llama-3-8B-Instruct,0.02298397198319435,0.11696264892816544
140,0.12482180545704685,,meta-llama/Meta-Llama-3-8B-Instruct,0.023604797199368477,0.12029734253883362
150,0.14732124386217507,,meta-llama/Meta-Llama-3-8B-Instruct,0.02399672195315361,0.12251152098178864
10,0.4004494710988132,,meta-llama/Llama-3.2-3B-Instruct,0.007279043674468994,0.008288465499877929
20,0.17907573216600337,,meta-llama/Llama-3.2-3B-Instruct,0.0068037395477294925,0.009198558807373048
30,0.15249231003278757,,meta-llama/Llama-3.2-3B-Instruct,0.005911534627278646,0.013141581217447917
40,0.07983043216945244,,meta-llama/Llama-3.2-3B-Instruct,0.007948165759444237,0.028230016430219013
50,0.10468129453325144,,meta-llama/Llama-3.2-3B-Instruct,0.010941840708255768,0.050859679778416954
60,0.08359833362244135,,meta-llama/Llama-3.2-3B-Instruct,0.014112597952286402,0.07408435146013896
70,0.09578358049854996,,meta-llama/Llama-3.2-3B-Instruct,0.017418925960858662,0.09681689739227295
80,0.1066222577563968,,meta-llama/Llama-3.2-3B-Instruct,0.020392718414465588,0.11552922924359639
90,0.13358775340332651,,meta-llama/Llama-3.2-3B-Instruct,0.02305569499731064,0.1311856508255005
100,0.1107351135287161,,meta-llama/Llama-3.2-3B-Instruct,0.02545890212059021,0.14452534914016724
110,0.11990308107058935,,meta-llama/Llama-3.2-3B-Instruct,0.02753206839164098,0.15524548292160034
120,0.12941974047835555,,meta-llama/Llama-3.2-3B-Instruct,0.029350462059179943,0.16484462221463522
130,0.13474379404362244,,meta-llama/Llama-3.2-3B-Instruct,0.030812181532382965,0.17252870400746664
140,0.15573350506046335,,meta-llama/Llama-3.2-3B-Instruct,0.031799718737602234,0.17770302295684814
150,0.17361958331753652,,meta-llama/Llama-3.2-3B-Instruct,0.03247468173503876,0.18135112524032593
10,0.35770262248033474,,mistralai/Mistral-7B-Instruct-v0.2,0.008053050994873048,0.008851021766662597
20,0.15863752821133928,,mistralai/Mistral-7B-Instruct-v0.2,0.008229039192199706,0.010745410919189452
30,0.18627732530393198,,mistralai/Mistral-7B-Instruct-v0.2,0.005861397425333659,0.009902208328247071
40,0.11902758516066497,,mistralai/Mistral-7B-Instruct-v0.2,0.0049849581718444825,0.013514826774597168
50,0.043618255806734674,,mistralai/Mistral-7B-Instruct-v0.2,0.005819325335323811,0.021556515246629715
60,0.07740133733396187,,mistralai/Mistral-7B-Instruct-v0.2,0.0071512144058942795,0.033493950963020325
70,0.06852644989243918,,mistralai/Mistral-7B-Instruct-v0.2,0.008536320179700851,0.04613247513771057
80,0.07027001151894825,,mistralai/Mistral-7B-Instruct-v0.2,0.01013448741286993,0.05985218286514282
90,0.085850375512061,,mistralai/Mistral-7B-Instruct-v0.2,0.011775592342019081,0.07298994809389114
100,0.07169885140253983,,mistralai/Mistral-7B-Instruct-v0.2,0.013313566334545612,0.08493302017450333
110,0.09852728198448535,,mistralai/Mistral-7B-Instruct-v0.2,0.01487822737544775,0.09606543183326721
120,0.0865124719501609,,mistralai/Mistral-7B-Instruct-v0.2,0.016499526798725128,0.10644417256116867
130,0.0921916264082926,,mistralai/Mistral-7B-Instruct-v0.2,0.017911013215780258,0.11516357958316803
140,0.09243598767506471,,mistralai/Mistral-7B-Instruct-v0.2,0.019306745380163193,0.12340063601732254
150,0.09761044438060923,,mistralai/Mistral-7B-Instruct-v0.2,0.020603226497769356,0.130519837141037
10,2.179608529626632e-05,,Qwen/Qwen2.5-7B-Instruct,0.00779027271270752,0.009196853637695313
20,0.16178843163484713,,Qwen/Qwen2.5-7B-Instruct,0.007716017723083496,0.010735660552978516
30,0.16607480214404244,,Qwen/Qwen2.5-7B-Instruct,0.005898406982421875,0.013062173207600912
40,0.08703236109115854,,Qwen/Qwen2.5-7B-Instruct,0.005483796021768025,0.017080941370555332
50,0.09533565271950144,,Qwen/Qwen2.5-7B-Instruct,0.006296875753573009,0.023763247898646762
60,0.08703176168818219,,Qwen/Qwen2.5-7B-Instruct,0.0068870314529963905,0.02907502225467137
70,0.08832003390196526,,Qwen/Qwen2.5-7B-Instruct,0.007103028574160167,0.03311677064214434
80,0.10267469074484868,,Qwen/Qwen2.5-7B-Instruct,0.007186522973435265,0.03584429195949009
90,0.1104485600002958,,Qwen/Qwen2.5-7B-Instruct,0.00721616404397147,0.03780842253140041
100,0.10337554423598744,,Qwen/Qwen2.5-7B-Instruct,0.007250784763268062,0.03974965640476772
110,0.09753414377289155,,Qwen/Qwen2.5-7B-Instruct,0.007244788642440524,0.04089006781578064
120,0.11211293125631172,,Qwen/Qwen2.5-7B-Instruct,0.007285668913807187,0.0421167824949537
130,0.11151132986336497,,Qwen/Qwen2.5-7B-Instruct,0.007233680891139167,0.0426205609525953
140,0.13093155629845943,,Qwen/Qwen2.5-7B-Instruct,0.0072636763964380536,0.04319008759089878
150,0.14055915221828463,,Qwen/Qwen2.5-7B-Instruct,0.007275565394333431,0.043612803731645854
10,0.0015505526083605147,,Qwen/Qwen2.5-14B-Instruct,0.007184088706970215,0.008807225227355957
20,0.01909902286842772,,Qwen/Qwen2.5-14B-Instruct,0.007315183639526367,0.010552001953125
30,0.1773395683423827,,Qwen/Qwen2.5-14B-Instruct,0.005252271016438802,0.011339022318522135
40,0.08145943813782976,,Qwen/Qwen2.5-14B-Instruct,0.00415403413772583,0.011950252532958984
50,0.100278121681618,,Qwen/Qwen2.5-14B-Instruct,0.00368912353515625,0.012698343658447266
60,0.09389791895458184,,Qwen/Qwen2.5-14B-Instruct,0.0038028646260499952,0.014773307740688324
70,0.09223628895219266,,Qwen/Qwen2.5-14B-Instruct,0.003962423279881477,0.01681566536426544
80,0.10624372340677837,,Qwen/Qwen2.5-14B-Instruct,0.004087591543793678,0.01850280612707138
90,0.11547124126177716,,Qwen/Qwen2.5-14B-Instruct,0.004176754504442215,0.019816219806671143
100,0.10727738251880956,,Qwen/Qwen2.5-14B-Instruct,0.00423591434955597,0.02086082100868225
110,0.10363961620818404,,Qwen/Qwen2.5-14B-Instruct,0.004283016547560692,0.021700964868068696
120,0.10801550097340895,,Qwen/Qwen2.5-14B-Instruct,0.004346174374222756,0.02256598174571991
130,0.11577797778297157,,Qwen/Qwen2.5-14B-Instruct,0.004352884367108345,0.023131023347377776
140,0.1356124274288478,,Qwen/Qwen2.5-14B-Instruct,0.00435982272028923,0.023514415323734283
150,0.13930502817826537,,Qwen/Qwen2.5-14B-Instruct,0.004357264563441277,0.023768796026706694
10,0.05660467673719436,,Qwen/Qwen2.5-1.5B-Instruct,0.007291126728057862,0.008881142616271973
20,0.10578868423071226,,Qwen/Qwen2.5-1.5B-Instruct,0.00760043536623319,0.011849090456962585
30,0.19127966107834593,,Qwen/Qwen2.5-1.5B-Instruct,0.007133906707167625,0.017152786254882812
40,0.09311951713449038,,Qwen/Qwen2.5-1.5B-Instruct,0.007628884166479111,0.02625266710917155
50,0.10696621582425662,,Qwen/Qwen2.5-1.5B-Instruct,0.008667830377817154,0.03687832752863566
60,0.10501189246788473,,Qwen/Qwen2.5-1.5B-Instruct,0.009827282900611559,0.046797012289365135
70,0.09727172889265331,,Qwen/Qwen2.5-1.5B-Instruct,0.010824936131636301,0.055104667941729225
80,0.11391231014415344,,Qwen/Qwen2.5-1.5B-Instruct,0.011605150997638702,0.06176095207532247
90,0.13664361695110824,,Qwen/Qwen2.5-1.5B-Instruct,0.012213909377654394,0.06702020764350891
100,0.12248447704416711,,Qwen/Qwen2.5-1.5B-Instruct,0.01274180660645167,0.07135515411694844
110,0.1157328721135074,,Qwen/Qwen2.5-1.5B-Instruct,0.01314739758769671,0.07473553717136383
120,0.11697328105475695,,Qwen/Qwen2.5-1.5B-Instruct,0.01347332571943601,0.07789772252241771
130,0.12974589489430025,,Qwen/Qwen2.5-1.5B-Instruct,0.013705682009458542,0.08065209289391835
140,0.15352499044048165,,Qwen/Qwen2.5-1.5B-Instruct,0.013797109325726828,0.08177485068639119
150,0.16752997375794323,,Qwen/Qwen2.5-1.5B-Instruct,0.01389926423629125,0.08287003139654796
10,0.0977293852142655,,Qwen/Qwen2.5-0.5B-Instruct,0.0069436441574777874,0.008885917919022697
20,0.1962289730766269,,Qwen/Qwen2.5-0.5B-Instruct,0.01295663629259382,0.018652030399867466
30,0.22074296413486663,,Qwen/Qwen2.5-0.5B-Instruct,0.011797705931322915,0.027934087174279348
40,0.12203030731422825,,Qwen/Qwen2.5-0.5B-Instruct,0.012940495141914912,0.042120209762028286
50,0.14352796494742134,,Qwen/Qwen2.5-0.5B-Instruct,0.015091982270990099,0.05680401410375323
60,0.13798542799984684,,Qwen/Qwen2.5-0.5B-Instruct,0.01751670560666493,0.07110207421439034
70,0.11508601903602927,,Qwen/Qwen2.5-0.5B-Instruct,0.020269291741507395,0.08547307763780866
80,0.141159569263975,,Qwen/Qwen2.5-0.5B-Instruct,0.022182796682630266,0.0952221155166626
90,0.1626601863436767,,Qwen/Qwen2.5-0.5B-Instruct,0.02411355291094099,0.10402647086552211
100,0.13268671747217042,,Qwen/Qwen2.5-0.5B-Instruct,0.026309996843338013,0.11336708068847656
110,0.13913562997413398,,Qwen/Qwen2.5-0.5B-Instruct,0.027978686349732534,0.11988158736910139
120,0.13565162167175893,,Qwen/Qwen2.5-0.5B-Instruct,0.02943002326147897,0.12569660799843924
130,0.14805676777251478,,Qwen/Qwen2.5-0.5B-Instruct,0.030460525836263384,0.13009152242115565
140,0.1782950477577515,,Qwen/Qwen2.5-0.5B-Instruct,0.03118800265448434,0.13283894743238175
150,0.18308450448353247,,Qwen/Qwen2.5-0.5B-Instruct,0.03186422799314771,0.1352339812687465
10,3.7297818422447246e-06,,Qwen/Qwen2.5-3B-Instruct,0.007446310520172119,0.008993276596069336
20,0.056344856117529166,,Qwen/Qwen2.5-3B-Instruct,0.006450715065002441,0.010229053497314454
30,0.15943100536931548,,Qwen/Qwen2.5-3B-Instruct,0.005730328615754843,0.014821074903011322
40,0.09420875632788173,,Qwen/Qwen2.5-3B-Instruct,0.00568373640999198,0.021238207817077637
50,0.10030206001510386,,Qwen/Qwen2.5-3B-Instruct,0.006277853157371283,0.028443193063139915
60,0.1010922777436411,,Qwen/Qwen2.5-3B-Instruct,0.006838657893240452,0.03504806011915207
70,0.09197014884088076,,Qwen/Qwen2.5-3B-Instruct,0.0074745118618011475,0.04165464639663696
80,0.11280142624515588,,Qwen/Qwen2.5-3B-Instruct,0.007935784757137299,0.046679720282554626
90,0.12278444502359254,,Qwen/Qwen2.5-3B-Instruct,0.008324441500008106,0.050773438066244125
100,0.1165870696884838,,Qwen/Qwen2.5-3B-Instruct,0.008612425066530704,0.05410848930478096
110,0.11065224621644873,,Qwen/Qwen2.5-3B-Instruct,0.008937994949519634,0.05711031332612038
120,0.11462105744260534,,Qwen/Qwen2.5-3B-Instruct,0.009212114848196507,0.05995289608836174
130,0.12191116191613545,,Qwen/Qwen2.5-3B-Instruct,0.009372752159833908,0.06192033737897873
140,0.1395813124271274,,Qwen/Qwen2.5-3B-Instruct,0.009593184106051922,0.06385861337184906
150,0.14812049798434548,,Qwen/Qwen2.5-3B-Instruct,0.009691365994513035,0.06488604843616486
