model_id,accuracy,n_shot
Qwen-14B,0.66,0
Mistral-7B,0.8,0
Qwen-7B,0.68,0
Qwen-3B,0.65,0
Qwen-0.5B,0.48,0
Llama-8B,0.52,0
Qwen-1.5B,0.56,0
Llama-3B,0.48,0
Qwen-14B,0.64,1
Mistral-7B,0.8,1
Qwen-7B,0.53,1
Qwen-3B,0.56,1
Qwen-0.5B,0.48,1
Llama-8B,0.75,1
Qwen-1.5B,0.48,1
Llama-3B,0.48,1
Qwen-14B,0.74,5
Mistral-7B,0.88,5
Qwen-7B,0.65,5
Qwen-3B,0.48,5
Qwen-0.5B,0.48,5
Llama-8B,0.72,5
Qwen-1.5B,0.52,5
Llama-3B,0.48,5
Qwen-0.5B,0.48,10
Qwen-1.5B,0.52,10
Qwen-14B,0.76,10
Qwen-3B,0.6,10
Qwen-7B,0.62,10
Llama-3B,0.48,10
Llama-8B,0.71,10
Mistral-7B,0.91,10
