model_id,token_f1,n_shot
Qwen-14B,0.6387215783872131,0
Mistral-7B,0.5993771929824561,0
Llama-8B,0.1267873179452126,0
Qwen-7B,0.5623166677925058,0
Qwen-3B,0.4912605431204502,0
Qwen-1.5B,0.5856746586746587,0
Qwen-0.5B,0.4743340644563554,0
Llama-3B,0.4226246737438688,0
Qwen-14B,0.8074897295686769,1
Mistral-7B,0.7330873015873016,1
Llama-8B,0.6871942110177405,1
Qwen-7B,0.8191204906204906,1
Qwen-3B,0.7153542568542568,1
Qwen-1.5B,0.6032638799109388,1
Qwen-0.5B,0.499197108790762,1
Llama-3B,0.6903556998556998,1
Qwen-14B,0.7571741363211951,5
Mistral-7B,0.7079523809523809,5
Llama-8B,0.6885598290598289,5
Qwen-7B,0.8218787323787323,5
Qwen-3B,0.764995670995671,5
Qwen-1.5B,0.6722644904115492,5
Qwen-0.5B,0.618829141790442,5
Llama-3B,0.6605181485181485,5
Qwen-0.5B,0.702048034,10
Qwen-1.5B,0.750968698,10
Qwen-14B,0.780207678,10
Qwen-3B,0.779781996,10
Qwen-7B,0.841573593,10
Llama-3B,0.737619048,10
Llama-8B,0.693714286,10
Mistral-7B,0.745238095,10
