prefix_tokens,mean_next_token_entropy,model_id,participation_ratio,effective_rank
10,0.3199982371227513,meta-llama/Meta-Llama-3-8B-Instruct,0.0074352412223815,0.0084623203277587
20,0.1307598243108286,meta-llama/Meta-Llama-3-8B-Instruct,0.0069017305374145,0.0092024173736572
30,0.1001629891746731,meta-llama/Meta-Llama-3-8B-Instruct,0.0063848978678385,0.0130832646687825
40,0.0573902301627519,meta-llama/Meta-Llama-3-8B-Instruct,0.0067162508964538,0.0204296226501464
50,0.0771170550048782,meta-llama/Meta-Llama-3-8B-Instruct,0.0089022181928157,0.03485007584095
60,0.0544576130386807,meta-llama/Meta-Llama-3-8B-Instruct,0.0112374452874064,0.0503848493099212
70,0.0702347322263563,meta-llama/Meta-Llama-3-8B-Instruct,0.0135640418156981,0.0655510574579238
80,0.0757582875443913,meta-llama/Meta-Llama-3-8B-Instruct,0.0156682673841714,0.0782072618603706
90,0.0913829318672289,meta-llama/Meta-Llama-3-8B-Instruct,0.0176105313003063,0.089045338332653
100,0.081960837308189,meta-llama/Meta-Llama-3-8B-Instruct,0.0193124469369649,0.0981678143143653
110,0.0884365690241467,meta-llama/Meta-Llama-3-8B-Instruct,0.0207114033401012,0.1053029745817184
120,0.0929819902822767,meta-llama/Meta-Llama-3-8B-Instruct,0.0219962019473314,0.1118211075663566
130,0.0994113653835082,meta-llama/Meta-Llama-3-8B-Instruct,0.0229839719831943,0.1169626489281654
140,0.1248218054570468,meta-llama/Meta-Llama-3-8B-Instruct,0.0236047971993684,0.1202973425388336
150,0.147321243862175,meta-llama/Meta-Llama-3-8B-Instruct,0.0239967219531536,0.1225115209817886
10,0.4004494710988132,meta-llama/Llama-3.2-3B-Instruct,0.0072790436744689,0.0082884654998779
20,0.1790757321660033,meta-llama/Llama-3.2-3B-Instruct,0.0068037395477294,0.009198558807373
30,0.1524923100327875,meta-llama/Llama-3.2-3B-Instruct,0.0059115346272786,0.0131415812174479
40,0.0798304321694524,meta-llama/Llama-3.2-3B-Instruct,0.0079481657594442,0.028230016430219
50,0.1046812945332514,meta-llama/Llama-3.2-3B-Instruct,0.0109418407082557,0.0508596797784169
60,0.0835983336224413,meta-llama/Llama-3.2-3B-Instruct,0.0141125979522864,0.0740843514601389
70,0.0957835804985499,meta-llama/Llama-3.2-3B-Instruct,0.0174189259608586,0.0968168973922729
80,0.1066222577563968,meta-llama/Llama-3.2-3B-Instruct,0.0203927184144655,0.1155292292435963
90,0.1335877534033265,meta-llama/Llama-3.2-3B-Instruct,0.0230556949973106,0.1311856508255005
100,0.1107351135287161,meta-llama/Llama-3.2-3B-Instruct,0.0254589021205902,0.1445253491401672
110,0.1199030810705893,meta-llama/Llama-3.2-3B-Instruct,0.0275320683916409,0.1552454829216003
120,0.1294197404783555,meta-llama/Llama-3.2-3B-Instruct,0.0293504620591799,0.1648446222146352
130,0.1347437940436224,meta-llama/Llama-3.2-3B-Instruct,0.0308121815323829,0.1725287040074666
140,0.1557335050604633,meta-llama/Llama-3.2-3B-Instruct,0.0317997187376022,0.1777030229568481
150,0.1736195833175365,meta-llama/Llama-3.2-3B-Instruct,0.0324746817350387,0.1813511252403259
10,0.3577026224803347,mistralai/Mistral-7B-Instruct-v0.2,0.008053050994873,0.0088510217666625
20,0.1586375282113392,mistralai/Mistral-7B-Instruct-v0.2,0.0082290391921997,0.0107454109191894
30,0.1862773253039319,mistralai/Mistral-7B-Instruct-v0.2,0.0058613974253336,0.009902208328247
40,0.1190275851606649,mistralai/Mistral-7B-Instruct-v0.2,0.0049849581718444,0.0135148267745971
50,0.0436182558067346,mistralai/Mistral-7B-Instruct-v0.2,0.0058193253353238,0.0215565152466297
60,0.0774013373339618,mistralai/Mistral-7B-Instruct-v0.2,0.0071512144058942,0.0334939509630203
70,0.0685264498924391,mistralai/Mistral-7B-Instruct-v0.2,0.0085363201797008,0.0461324751377105
80,0.0702700115189482,mistralai/Mistral-7B-Instruct-v0.2,0.0101344874128699,0.0598521828651428
90,0.085850375512061,mistralai/Mistral-7B-Instruct-v0.2,0.011775592342019,0.0729899480938911
100,0.0716988514025398,mistralai/Mistral-7B-Instruct-v0.2,0.0133135663345456,0.0849330201745033
110,0.0985272819844853,mistralai/Mistral-7B-Instruct-v0.2,0.0148782273754477,0.0960654318332672
120,0.0865124719501609,mistralai/Mistral-7B-Instruct-v0.2,0.0164995267987251,0.1064441725611686
130,0.0921916264082926,mistralai/Mistral-7B-Instruct-v0.2,0.0179110132157802,0.115163579583168
140,0.0924359876750647,mistralai/Mistral-7B-Instruct-v0.2,0.0193067453801631,0.1234006360173225
150,0.0976104443806092,mistralai/Mistral-7B-Instruct-v0.2,0.0206032264977693,0.130519837141037
10,2.179608529626632e-05,Qwen/Qwen2.5-7B-Instruct,0.0077902727127075,0.0091968536376953
20,0.1617884316348471,Qwen/Qwen2.5-7B-Instruct,0.0077160177230834,0.0107356605529785
30,0.1660748021440424,Qwen/Qwen2.5-7B-Instruct,0.0058984069824218,0.0130621732076009
40,0.0870323610911585,Qwen/Qwen2.5-7B-Instruct,0.005483796021768,0.0170809413705553
50,0.0953356527195014,Qwen/Qwen2.5-7B-Instruct,0.006296875753573,0.0237632478986467
60,0.0870317616881821,Qwen/Qwen2.5-7B-Instruct,0.0068870314529963,0.0290750222546713
70,0.0883200339019652,Qwen/Qwen2.5-7B-Instruct,0.0071030285741601,0.0331167706421443
80,0.1026746907448486,Qwen/Qwen2.5-7B-Instruct,0.0071865229734352,0.03584429195949
90,0.1104485600002958,Qwen/Qwen2.5-7B-Instruct,0.0072161640439714,0.0378084225314004
100,0.1033755442359874,Qwen/Qwen2.5-7B-Instruct,0.007250784763268,0.0397496564047677
110,0.0975341437728915,Qwen/Qwen2.5-7B-Instruct,0.0072447886424405,0.0408900678157806
120,0.1121129312563117,Qwen/Qwen2.5-7B-Instruct,0.0072856689138071,0.0421167824949537
130,0.1115113298633649,Qwen/Qwen2.5-7B-Instruct,0.0072336808911391,0.0426205609525953
140,0.1309315562984594,Qwen/Qwen2.5-7B-Instruct,0.007263676396438,0.0431900875908987
150,0.1405591522182846,Qwen/Qwen2.5-7B-Instruct,0.0072755653943334,0.0436128037316458
10,0.0015505526083605,Qwen/Qwen2.5-14B-Instruct,0.0071840887069702,0.0088072252273559
20,0.0190990228684277,Qwen/Qwen2.5-14B-Instruct,0.0073151836395263,0.010552001953125
30,0.1773395683423827,Qwen/Qwen2.5-14B-Instruct,0.0052522710164388,0.0113390223185221
40,0.0814594381378297,Qwen/Qwen2.5-14B-Instruct,0.0041540341377258,0.0119502525329589
50,0.100278121681618,Qwen/Qwen2.5-14B-Instruct,0.0036891235351562,0.0126983436584472
60,0.0938979189545818,Qwen/Qwen2.5-14B-Instruct,0.0038028646260499,0.0147733077406883
70,0.0922362889521926,Qwen/Qwen2.5-14B-Instruct,0.0039624232798814,0.0168156653642654
80,0.1062437234067783,Qwen/Qwen2.5-14B-Instruct,0.0040875915437936,0.0185028061270713
90,0.1154712412617771,Qwen/Qwen2.5-14B-Instruct,0.0041767545044422,0.0198162198066711
100,0.1072773825188095,Qwen/Qwen2.5-14B-Instruct,0.0042359143495559,0.0208608210086822
110,0.103639616208184,Qwen/Qwen2.5-14B-Instruct,0.0042830165475606,0.0217009648680686
120,0.1080155009734089,Qwen/Qwen2.5-14B-Instruct,0.0043461743742227,0.0225659817457199
130,0.1157779777829715,Qwen/Qwen2.5-14B-Instruct,0.0043528843671083,0.0231310233473777
140,0.1356124274288478,Qwen/Qwen2.5-14B-Instruct,0.0043598227202892,0.0235144153237342
150,0.1393050281782653,Qwen/Qwen2.5-14B-Instruct,0.0043572645634412,0.0237687960267066
10,0.0566046767371943,Qwen/Qwen2.5-1.5B-Instruct,0.0072911267280578,0.0088811426162719
20,0.1057886842307122,Qwen/Qwen2.5-1.5B-Instruct,0.0076004353662331,0.0118490904569625
30,0.1912796610783459,Qwen/Qwen2.5-1.5B-Instruct,0.0071339067071676,0.0171527862548828
40,0.0931195171344903,Qwen/Qwen2.5-1.5B-Instruct,0.0076288841664791,0.0262526671091715
50,0.1069662158242566,Qwen/Qwen2.5-1.5B-Instruct,0.0086678303778171,0.0368783275286356
60,0.1050118924678847,Qwen/Qwen2.5-1.5B-Instruct,0.0098272829006115,0.0467970122893651
70,0.0972717288926533,Qwen/Qwen2.5-1.5B-Instruct,0.0108249361316363,0.0551046679417292
80,0.1139123101441534,Qwen/Qwen2.5-1.5B-Instruct,0.0116051509976387,0.0617609520753224
90,0.1366436169511082,Qwen/Qwen2.5-1.5B-Instruct,0.0122139093776543,0.0670202076435089
100,0.1224844770441671,Qwen/Qwen2.5-1.5B-Instruct,0.0127418066064516,0.0713551541169484
110,0.1157328721135074,Qwen/Qwen2.5-1.5B-Instruct,0.0131473975876967,0.0747355371713638
120,0.1169732810547569,Qwen/Qwen2.5-1.5B-Instruct,0.013473325719436,0.0778977225224177
130,0.1297458948943002,Qwen/Qwen2.5-1.5B-Instruct,0.0137056820094585,0.0806520928939183
140,0.1535249904404816,Qwen/Qwen2.5-1.5B-Instruct,0.0137971093257268,0.0817748506863911
150,0.1675299737579432,Qwen/Qwen2.5-1.5B-Instruct,0.0138992642362912,0.0828700313965479
10,0.0977293852142655,Qwen/Qwen2.5-0.5B-Instruct,0.0069436441574777,0.0088859179190226
20,0.1962289730766269,Qwen/Qwen2.5-0.5B-Instruct,0.0129566362925938,0.0186520303998674
30,0.2207429641348666,Qwen/Qwen2.5-0.5B-Instruct,0.0117977059313229,0.0279340871742793
40,0.1220303073142282,Qwen/Qwen2.5-0.5B-Instruct,0.0129404951419149,0.0421202097620282
50,0.1435279649474213,Qwen/Qwen2.5-0.5B-Instruct,0.01509198227099,0.0568040141037532
60,0.1379854279998468,Qwen/Qwen2.5-0.5B-Instruct,0.0175167056066649,0.0711020742143903
70,0.1150860190360292,Qwen/Qwen2.5-0.5B-Instruct,0.0202692917415073,0.0854730776378086
80,0.141159569263975,Qwen/Qwen2.5-0.5B-Instruct,0.0221827966826302,0.0952221155166626
90,0.1626601863436767,Qwen/Qwen2.5-0.5B-Instruct,0.0241135529109409,0.1040264708655221
100,0.1326867174721704,Qwen/Qwen2.5-0.5B-Instruct,0.026309996843338,0.1133670806884765
110,0.1391356299741339,Qwen/Qwen2.5-0.5B-Instruct,0.0279786863497325,0.1198815873691013
120,0.1356516216717589,Qwen/Qwen2.5-0.5B-Instruct,0.0294300232614789,0.1256966079984392
130,0.1480567677725147,Qwen/Qwen2.5-0.5B-Instruct,0.0304605258362633,0.1300915224211556
140,0.1782950477577515,Qwen/Qwen2.5-0.5B-Instruct,0.0311880026544843,0.1328389474323817
150,0.1830845044835324,Qwen/Qwen2.5-0.5B-Instruct,0.0318642279931477,0.1352339812687465
10,3.7297818422447246e-06,Qwen/Qwen2.5-3B-Instruct,0.0074463105201721,0.0089932765960693
20,0.0563448561175291,Qwen/Qwen2.5-3B-Instruct,0.0064507150650024,0.0102290534973144
30,0.1594310053693154,Qwen/Qwen2.5-3B-Instruct,0.0057303286157548,0.0148210749030113
40,0.0942087563278817,Qwen/Qwen2.5-3B-Instruct,0.0056837364099919,0.0212382078170776
50,0.1003020600151038,Qwen/Qwen2.5-3B-Instruct,0.0062778531573712,0.0284431930631399
60,0.1010922777436411,Qwen/Qwen2.5-3B-Instruct,0.0068386578932404,0.035048060119152
70,0.0919701488408807,Qwen/Qwen2.5-3B-Instruct,0.0074745118618011,0.0416546463966369
80,0.1128014262451558,Qwen/Qwen2.5-3B-Instruct,0.0079357847571372,0.0466797202825546
90,0.1227844450235925,Qwen/Qwen2.5-3B-Instruct,0.0083244415000081,0.0507734380662441
100,0.1165870696884838,Qwen/Qwen2.5-3B-Instruct,0.0086124250665307,0.0541084893047809
110,0.1106522462164487,Qwen/Qwen2.5-3B-Instruct,0.0089379949495196,0.0571103133261203
120,0.1146210574426053,Qwen/Qwen2.5-3B-Instruct,0.0092121148481965,0.0599528960883617
130,0.1219111619161354,Qwen/Qwen2.5-3B-Instruct,0.0093727521598339,0.0619203373789787
140,0.1395813124271274,Qwen/Qwen2.5-3B-Instruct,0.0095931841060519,0.063858613371849
150,0.1481204979843454,Qwen/Qwen2.5-3B-Instruct,0.009691365994513,0.0648860484361648
