model_id,context_length,mean_next_token_entropy,participation_ratio,effective_rank
Qwen-0.5B,50,0.083237544,0.015091982,0.056804014
Qwen-0.5B,100,0.097729385,0.026309997,0.113367081
Qwen-0.5B,200,0.122030307,0.033514732,0.140860481
Qwen-0.5B,500,0.132686717,0.034282493,0.143199444
Qwen-1.5B,50,0.053640808,0.00866783,0.036878328
Qwen-1.5B,100,0.056604677,0.012741807,0.071355154
Qwen-1.5B,200,0.093119517,0.01409948,0.08513097
Qwen-1.5B,500,0.106966216,0.014106348,0.085676094
Qwen-14B,50,0.001550553,0.007530544,0.012698344
Qwen-14B,100,0.001550553,0.007315184,0.020860821
Qwen-14B,200,0.019099023,0.007315184,0.024198432
Qwen-14B,500,0.100278122,0.004357265,0.02426281
Qwen-3B,50,3.73E-06,0.007446311,0.028443193
Qwen-3B,100,3.73E-06,0.008612425,0.054108489
Qwen-3B,200,0.056344856,0.009967498,0.067506865
Qwen-3B,500,0.10030206,0.010079469,0.068472892
Qwen-7B,50,2.18E-05,0.008209163,0.023763248
Qwen-7B,100,2.18E-05,0.007790273,0.039749656
Qwen-7B,200,0.087031762,0.007716018,0.044534981
Qwen-7B,500,0.095335653,0.007300401,0.044625729
Llama-3B,50,0.079830432,0.010941841,0.05085968
Llama-3B,100,0.079830432,0.025458902,0.144525349
Llama-3B,200,0.079830432,0.033927336,0.189066668
Llama-3B,500,0.104681295,0.0344126,0.191690167
Llama-8B,50,0.05739023,0.008902218,0.034850076
Llama-8B,100,0.054457613,0.019312447,0.098167814
Llama-8B,200,0.054457613,0.024633985,0.126795858
Llama-8B,500,0.077117055,0.02466009,0.127792642
Mistral-7B,50,0.041214453,0.008841434,0.021556515
Mistral-7B,100,0.043618256,0.013313566,0.08493302
Mistral-7B,200,0.070270012,0.023968056,0.147444382
Mistral-7B,500,0.043618256,0.025818743,0.155673936