model_id,prefix_tokens,dataset,context_length,mean_next_token_entropy,participation_ratio,effective_rank
Llama-8B,10,alpaca,100,0.319998237,0.007435241,0.00846232
Llama-8B,20,alpaca,100,0.130759824,0.006901731,0.009202417
Llama-8B,30,alpaca,100,0.100162989,0.006384898,0.013083265
Llama-8B,40,alpaca,100,0.05739023,0.006716251,0.020429623
Llama-8B,50,alpaca,100,0.077117055,0.008902218,0.034850076
Llama-8B,60,alpaca,100,0.054457613,0.011237445,0.050384849
Llama-8B,70,alpaca,100,0.070234732,0.013564042,0.065551057
Llama-8B,80,alpaca,100,0.075758288,0.015668267,0.078207262
Llama-8B,90,alpaca,100,0.091382932,0.017610531,0.089045338
Llama-8B,100,alpaca,100,0.081960837,0.019312447,0.098167814
Llama-3B,10,alpaca,100,0.400449471,0.007279044,0.008288465
Llama-3B,20,alpaca,100,0.179075732,0.00680374,0.009198559
Llama-3B,30,alpaca,100,0.15249231,0.005911535,0.013141581
Llama-3B,40,alpaca,100,0.079830432,0.007948166,0.028230016
Llama-3B,50,alpaca,100,0.104681295,0.010941841,0.05085968
Llama-3B,60,alpaca,100,0.083598334,0.014112598,0.074084351
Llama-3B,70,alpaca,100,0.09578358,0.017418926,0.096816897
Llama-3B,80,alpaca,100,0.106622258,0.020392718,0.115529229
Llama-3B,90,alpaca,100,0.133587753,0.023055695,0.131185651
Llama-3B,100,alpaca,100,0.110735114,0.025458902,0.144525349
Mistral-7B,10,alpaca,100,0.357702622,0.008053051,0.008851022
Mistral-7B,20,alpaca,100,0.158637528,0.008229039,0.010745411
Mistral-7B,30,alpaca,100,0.186277325,0.005861397,0.009902208
Mistral-7B,40,alpaca,100,0.119027585,0.004984958,0.013514827
Mistral-7B,50,alpaca,100,0.043618256,0.005819325,0.021556515
Mistral-7B,60,alpaca,100,0.077401337,0.007151214,0.033493951
Mistral-7B,70,alpaca,100,0.06852645,0.00853632,0.046132475
Mistral-7B,80,alpaca,100,0.070270012,0.010134487,0.059852183
Mistral-7B,90,alpaca,100,0.085850376,0.011775592,0.072989948
Mistral-7B,100,alpaca,100,0.071698851,0.013313566,0.08493302
Qwen-7B,10,alpaca,100,2.18E-05,0.007790273,0.009196854
Qwen-7B,20,alpaca,100,0.161788432,0.007716018,0.010735661
Qwen-7B,30,alpaca,100,0.166074802,0.005898407,0.013062173
Qwen-7B,40,alpaca,100,0.087032361,0.005483796,0.017080941
Qwen-7B,50,alpaca,100,0.095335653,0.006296876,0.023763248
Qwen-7B,60,alpaca,100,0.087031762,0.006887031,0.029075022
Qwen-7B,70,alpaca,100,0.088320034,0.007103029,0.033116771
Qwen-7B,80,alpaca,100,0.102674691,0.007186523,0.035844292
Qwen-7B,90,alpaca,100,0.11044856,0.007216164,0.037808423
Qwen-7B,100,alpaca,100,0.103375544,0.007250785,0.039749656
Qwen-14B,10,alpaca,100,0.001550553,0.007184089,0.008807225
Qwen-14B,20,alpaca,100,0.019099023,0.007315184,0.010552002
Qwen-14B,30,alpaca,100,0.177339568,0.005252271,0.011339022
Qwen-14B,40,alpaca,100,0.081459438,0.004154034,0.011950253
Qwen-14B,50,alpaca,100,0.100278122,0.003689124,0.012698344
Qwen-14B,60,alpaca,100,0.093897919,0.003802865,0.014773308
Qwen-14B,70,alpaca,100,0.092236289,0.003962423,0.016815665
Qwen-14B,80,alpaca,100,0.106243723,0.004087592,0.018502806
Qwen-14B,90,alpaca,100,0.115471241,0.004176755,0.01981622
Qwen-14B,100,alpaca,100,0.107277383,0.004235914,0.020860821
Qwen-1.5B,10,alpaca,100,0.056604677,0.007291127,0.008881143
Qwen-1.5B,20,alpaca,100,0.105788684,0.007600435,0.01184909
Qwen-1.5B,30,alpaca,100,0.191279661,0.007133907,0.017152786
Qwen-1.5B,40,alpaca,100,0.093119517,0.007628884,0.026252667
Qwen-1.5B,50,alpaca,100,0.106966216,0.00866783,0.036878328
Qwen-1.5B,60,alpaca,100,0.105011892,0.009827283,0.046797012
Qwen-1.5B,70,alpaca,100,0.097271729,0.010824936,0.055104668
Qwen-1.5B,80,alpaca,100,0.11391231,0.011605151,0.061760952
Qwen-1.5B,90,alpaca,100,0.136643617,0.012213909,0.067020208
Qwen-1.5B,100,alpaca,100,0.122484477,0.012741807,0.071355154
Qwen-0.5B,10,alpaca,100,0.097729385,0.006943644,0.008885918
Qwen-0.5B,20,alpaca,100,0.196228973,0.012956636,0.01865203
Qwen-0.5B,30,alpaca,100,0.220742964,0.011797706,0.027934087
Qwen-0.5B,40,alpaca,100,0.122030307,0.012940495,0.04212021
Qwen-0.5B,50,alpaca,100,0.143527965,0.015091982,0.056804014
Qwen-0.5B,60,alpaca,100,0.137985428,0.017516706,0.071102074
Qwen-0.5B,70,alpaca,100,0.115086019,0.020269292,0.085473078
Qwen-0.5B,80,alpaca,100,0.141159569,0.022182797,0.095222116
Qwen-0.5B,90,alpaca,100,0.162660186,0.024113553,0.104026471
Qwen-0.5B,100,alpaca,100,0.132686717,0.026309997,0.113367081
Qwen-3B,10,alpaca,100,3.73E-06,0.007446311,0.008993277
Qwen-3B,20,alpaca,100,0.056344856,0.006450715,0.010229053
Qwen-3B,30,alpaca,100,0.159431005,0.005730329,0.014821075
Qwen-3B,40,alpaca,100,0.094208756,0.005683736,0.021238208
Qwen-3B,50,alpaca,100,0.10030206,0.006277853,0.028443193
Qwen-3B,60,alpaca,100,0.101092278,0.006838658,0.03504806
Qwen-3B,70,alpaca,100,0.091970149,0.007474512,0.041654646
Qwen-3B,80,alpaca,100,0.112801426,0.007935785,0.04667972
Qwen-3B,90,alpaca,100,0.122784445,0.008324442,0.050773438
Qwen-3B,100,alpaca,100,0.11658707,0.008612425,0.054108489