model_id,prefix_tokens,dataset,sample size,mean_next_token_entropy,participation_ratio,effective_rank
meta-llama/Meta-Llama-3-8B-Instruct,10,wiki,100,0.2076652251142208,0.026493814468383788,0.12854847717285156
meta-llama/Meta-Llama-3-8B-Instruct,20,wiki,100,0.1569003708169761,0.025537185668945313,0.1347855682373047
meta-llama/Meta-Llama-3-8B-Instruct,30,wiki,100,0.14126511198960545,0.02226490020751953,0.12086795043945313
meta-llama/Meta-Llama-3-8B-Instruct,40,wiki,100,0.13402855656277687,0.01996302604675293,0.10878660583496094
meta-llama/Meta-Llama-3-8B-Instruct,50,wiki,100,0.15389964203399942,0.021505212411284447,0.1179368793964386
meta-llama/Meta-Llama-3-8B-Instruct,60,wiki,100,0.15191879272827916,0.022924039512872696,0.12607857584953308
meta-llama/Meta-Llama-3-8B-Instruct,70,wiki,100,0.13501536453261287,0.023735659196972847,0.1318090558052063
meta-llama/Meta-Llama-3-8B-Instruct,80,wiki,100,0.13621023252129272,0.024324610829353333,0.13578064739704132
meta-llama/Meta-Llama-3-8B-Instruct,90,wiki,100,0.15545674306441476,0.02475162409245968,0.13905026018619537
meta-llama/Meta-Llama-3-8B-Instruct,100,wiki,100,0.14262971231939064,0.02517600730061531,0.14181913435459137
meta-llama/Llama-3.2-3B-Instruct,10,wiki,100,0.3032360411897332,0.03515345001220703,0.15552720642089843
meta-llama/Llama-3.2-3B-Instruct,20,wiki,100,0.22601876482117575,0.03145840263366699,0.1522565002441406
meta-llama/Llama-3.2-3B-Instruct,30,wiki,100,0.22122148553710372,0.025114481608072916,0.12859623209635418
meta-llama/Llama-3.2-3B-Instruct,40,wiki,100,0.21106014113008673,0.027239603300889332,0.14369852344195047
meta-llama/Llama-3.2-3B-Instruct,50,wiki,100,0.2189634234168702,0.02890724688768387,0.1557744840780894
meta-llama/Llama-3.2-3B-Instruct,60,wiki,100,0.21771716658275866,0.029998670021692913,0.16413931051890054
meta-llama/Llama-3.2-3B-Instruct,70,wiki,100,0.2021796400903231,0.03073425094286601,0.17033235232035318
meta-llama/Llama-3.2-3B-Instruct,80,wiki,100,0.20124209336222962,0.03134253869454066,0.1748575965563456
meta-llama/Llama-3.2-3B-Instruct,90,wiki,100,0.23065244565206477,0.031606910129388176,0.17806273698806763
meta-llama/Llama-3.2-3B-Instruct,100,wiki,100,0.2163278932665181,0.032092789808909096,0.18131240208943686
mistralai/Mistral-7B-Instruct-v0.2,10,wiki,100,0.2494048742352416,0.025177101135253906,0.13331668090820312
mistralai/Mistral-7B-Instruct-v0.2,20,wiki,100,0.22467687341682654,0.021546731948852538,0.13674891662597657
mistralai/Mistral-7B-Instruct-v0.2,30,wiki,100,0.1799271626912557,0.01925866444905599,0.12698626708984376
mistralai/Mistral-7B-Instruct-v0.2,40,wiki,100,0.15025200490242882,0.017408578872680665,0.11535584259033203
mistralai/Mistral-7B-Instruct-v0.2,50,wiki,100,0.16013543756036414,0.019553937017917633,0.12753945589065552
mistralai/Mistral-7B-Instruct-v0.2,60,wiki,100,0.151702908219476,0.021566802635788918,0.13918662071228027
mistralai/Mistral-7B-Instruct-v0.2,70,wiki,100,0.15474999821749597,0.022898802533745766,0.1474248468875885
mistralai/Mistral-7B-Instruct-v0.2,80,wiki,100,0.16218669337833042,0.024024436250329018,0.15386131405830383
mistralai/Mistral-7B-Instruct-v0.2,90,wiki,100,0.16899900000740442,0.025223325937986374,0.1596110612154007
mistralai/Mistral-7B-Instruct-v0.2,100,wiki,100,0.1721771468458304,0.02582031674683094,0.16375702619552612
Qwen/Qwen2.5-7B-Instruct,10,wiki,100,0.235290264806808,0.01743792915344238,0.062062587738037106
Qwen/Qwen2.5-7B-Instruct,20,wiki,100,0.19407463828582505,0.010382753372192383,0.045924694061279296
Qwen/Qwen2.5-7B-Instruct,30,wiki,100,0.18871456734190223,0.007356636047363281,0.03642194366455078
Qwen/Qwen2.5-7B-Instruct,40,wiki,100,0.15975212666090027,0.0062641655760152,0.03373350203037262
Qwen/Qwen2.5-7B-Instruct,50,wiki,100,0.1730534457018099,0.006382381809609277,0.03625278813498361
Qwen/Qwen2.5-7B-Instruct,60,wiki,100,0.1465684885685608,0.006426777158464704,0.037880497319357734
Qwen/Qwen2.5-7B-Instruct,70,wiki,100,0.16206435327075883,0.006424758583307266,0.03898499267441886
Qwen/Qwen2.5-7B-Instruct,80,wiki,100,0.1613471667416175,0.006430671683379582,0.0397123566695622
Qwen/Qwen2.5-7B-Instruct,90,wiki,100,0.146950072372193,0.006428160305534091,0.0403667858668736
Qwen/Qwen2.5-7B-Instruct,100,wiki,100,0.17395935526399056,0.006434727992330279,0.04092221174921308
Qwen/Qwen2.5-14B-Instruct,10,wiki,100,0.2416327219244223,0.011801258087158203,0.05033721923828125
Qwen/Qwen2.5-14B-Instruct,20,wiki,100,0.1792432661009557,0.007183362483978271,0.03929119491577148
Qwen/Qwen2.5-14B-Instruct,30,wiki,100,0.17651591279868684,0.005351540883382162,0.032742177327473955
Qwen/Qwen2.5-14B-Instruct,40,wiki,100,0.153474246262968,0.004423583507537842,0.028909868240356445
Qwen/Qwen2.5-14B-Instruct,50,wiki,100,0.16752606173927875,0.0037523677825927735,0.025681024169921875
Qwen/Qwen2.5-14B-Instruct,60,wiki,100,0.13889927873249297,0.0038781527429819105,0.02704009711742401
Qwen/Qwen2.5-14B-Instruct,70,wiki,100,0.15173413867316546,0.0039973359555006025,0.02849041819572449
Qwen/Qwen2.5-14B-Instruct,80,wiki,100,0.13988781446576584,0.004098965600132942,0.029526335000991822
Qwen/Qwen2.5-14B-Instruct,90,wiki,100,0.13660566654666048,0.0041992802172899244,0.030535471439361573
Qwen/Qwen2.5-14B-Instruct,100,wiki,100,0.16053668250292652,0.004266871511936188,0.031259453296661376
Qwen/Qwen2.5-1.5B-Instruct,10,wiki,100,0.2959880694006495,0.010352821350097656,0.05384244155883789
Qwen/Qwen2.5-1.5B-Instruct,20,wiki,100,0.24228183261021827,0.008118086184064547,0.0509464293718338
Qwen/Qwen2.5-1.5B-Instruct,30,wiki,100,0.24417050701030474,0.008733590443929037,0.057940587401390076
Qwen/Qwen2.5-1.5B-Instruct,40,wiki,100,0.21137687585193002,0.00900280848145485,0.06303339699904124
Qwen/Qwen2.5-1.5B-Instruct,50,wiki,100,0.24094963166961564,0.009153293445706367,0.06499622265497844
Qwen/Qwen2.5-1.5B-Instruct,60,wiki,100,0.2166616472067059,0.009318724274635315,0.06653560201327006
Qwen/Qwen2.5-1.5B-Instruct,70,wiki,100,0.22170909373183392,0.009273842598001162,0.06726702551047008
Qwen/Qwen2.5-1.5B-Instruct,80,wiki,100,0.2085340934822875,0.00950744686027368,0.0687158207098643
Qwen/Qwen2.5-1.5B-Instruct,90,wiki,100,0.20872220637334155,0.009617351616422335,0.06970171630382538
Qwen/Qwen2.5-1.5B-Instruct,100,wiki,100,0.2349234712056346,0.00977928563952446,0.0707488755385081
Qwen/Qwen2.5-0.5B-Instruct,10,wiki,100,0.32253586403755213,0.01677923117365156,0.06340976698057992
Qwen/Qwen2.5-0.5B-Instruct,20,wiki,100,0.27595604797646106,0.021002064858164107,0.08730500936508179
Qwen/Qwen2.5-0.5B-Instruct,30,wiki,100,0.28307566497624503,0.023178515689713613,0.09806935276303973
Qwen/Qwen2.5-0.5B-Instruct,40,wiki,100,0.23736269457701517,0.024092361330986023,0.10389059782028198
Qwen/Qwen2.5-0.5B-Instruct,50,wiki,100,0.2847814060162364,0.02483328538281577,0.10804180588041033
Qwen/Qwen2.5-0.5B-Instruct,60,wiki,100,0.2400049875344045,0.02553629662309374,0.11072572640010289
Qwen/Qwen2.5-0.5B-Instruct,70,wiki,100,0.2558368441756109,0.025619815502847944,0.1119099429675511
Qwen/Qwen2.5-0.5B-Instruct,80,wiki,100,0.23504153893357066,0.025861952986036028,0.11320686340332031
Qwen/Qwen2.5-0.5B-Instruct,90,wiki,100,0.24076403820473172,0.02607202104159764,0.11437135934829712
Qwen/Qwen2.5-0.5B-Instruct,100,wiki,100,0.28084936189141946,0.026207796164921353,0.11521628073283605
Qwen/Qwen2.5-3B-Instruct,10,wiki,100,0.2600758618352686,0.01034489917755127,0.06205636978149414
Qwen/Qwen2.5-3B-Instruct,20,wiki,100,0.21098115009493335,0.00662583589553833,0.047735591888427735
Qwen/Qwen2.5-3B-Instruct,30,wiki,100,0.2126815677281056,0.007179992739111185,0.05530685931444168
Qwen/Qwen2.5-3B-Instruct,40,wiki,100,0.18062100325974678,0.007560316938906908,0.06164659187197685
Qwen/Qwen2.5-3B-Instruct,50,wiki,100,0.19152879811609771,0.007849904708564281,0.06567031145095825
Qwen/Qwen2.5-3B-Instruct,60,wiki,100,0.17295664987341156,0.008150585927069187,0.06875865906476974
Qwen/Qwen2.5-3B-Instruct,70,wiki,100,0.1883867028018478,0.008258303627371788,0.07067843526601791
Qwen/Qwen2.5-3B-Instruct,80,wiki,100,0.17716503796110142,0.008445722982287407,0.07235034555196762
Qwen/Qwen2.5-3B-Instruct,90,wiki,100,0.16978491133614498,0.00852652732282877,0.0737062320113182
Qwen/Qwen2.5-3B-Instruct,100,wiki,100,0.19186697672634612,0.008649942465126514,0.07485052198171616
meta-llama/Meta-Llama-3-8B-Instruct,10,alpaca,100,0.31999823712275133,0.007435241222381592,0.00846232032775879
meta-llama/Meta-Llama-3-8B-Instruct,20,alpaca,100,0.13075982431082867,0.00690173053741455,0.009202417373657226
meta-llama/Meta-Llama-3-8B-Instruct,30,alpaca,100,0.10016298917467316,0.006384897867838542,0.013083264668782553
meta-llama/Meta-Llama-3-8B-Instruct,40,alpaca,100,0.05739023016275194,0.006716250896453857,0.020429622650146483
meta-llama/Meta-Llama-3-8B-Instruct,50,alpaca,100,0.07711705500487821,0.00890221819281578,0.03485007584095001
meta-llama/Meta-Llama-3-8B-Instruct,60,alpaca,100,0.054457613038680776,0.011237445287406445,0.050384849309921265
meta-llama/Meta-Llama-3-8B-Instruct,70,alpaca,100,0.07023473222635636,0.013564041815698147,0.06555105745792389
meta-llama/Meta-Llama-3-8B-Instruct,80,alpaca,100,0.07575828754439135,0.015668267384171486,0.07820726186037064
meta-llama/Meta-Llama-3-8B-Instruct,90,alpaca,100,0.09138293186722896,0.01761053130030632,0.08904533833265305
meta-llama/Meta-Llama-3-8B-Instruct,100,alpaca,100,0.08196083730818905,0.01931244693696499,0.09816781431436539
meta-llama/Llama-3.2-3B-Instruct,10,alpaca,100,0.4004494710988132,0.007279043674468994,0.008288465499877929
meta-llama/Llama-3.2-3B-Instruct,20,alpaca,100,0.17907573216600337,0.0068037395477294925,0.009198558807373048
meta-llama/Llama-3.2-3B-Instruct,30,alpaca,100,0.15249231003278757,0.005911534627278646,0.013141581217447917
meta-llama/Llama-3.2-3B-Instruct,40,alpaca,100,0.07983043216945244,0.007948165759444237,0.028230016430219013
meta-llama/Llama-3.2-3B-Instruct,50,alpaca,100,0.10468129453325144,0.010941840708255768,0.050859679778416954
meta-llama/Llama-3.2-3B-Instruct,60,alpaca,100,0.08359833362244135,0.014112597952286402,0.07408435146013896
meta-llama/Llama-3.2-3B-Instruct,70,alpaca,100,0.09578358049854996,0.017418925960858662,0.09681689739227295
meta-llama/Llama-3.2-3B-Instruct,80,alpaca,100,0.1066222577563968,0.020392718414465588,0.11552922924359639
meta-llama/Llama-3.2-3B-Instruct,90,alpaca,100,0.13358775340332651,0.02305569499731064,0.1311856508255005
meta-llama/Llama-3.2-3B-Instruct,100,alpaca,100,0.1107351135287161,0.02545890212059021,0.14452534914016724
mistralai/Mistral-7B-Instruct-v0.2,10,alpaca,100,0.35770262248033474,0.008053050994873048,0.008851021766662597
mistralai/Mistral-7B-Instruct-v0.2,20,alpaca,100,0.15863752821133928,0.008229039192199706,0.010745410919189452
mistralai/Mistral-7B-Instruct-v0.2,30,alpaca,100,0.18627732530393198,0.005861397425333659,0.009902208328247071
mistralai/Mistral-7B-Instruct-v0.2,40,alpaca,100,0.11902758516066497,0.0049849581718444825,0.013514826774597168
mistralai/Mistral-7B-Instruct-v0.2,50,alpaca,100,0.043618255806734674,0.005819325335323811,0.021556515246629715
mistralai/Mistral-7B-Instruct-v0.2,60,alpaca,100,0.07740133733396187,0.0071512144058942795,0.033493950963020325
mistralai/Mistral-7B-Instruct-v0.2,70,alpaca,100,0.06852644989243918,0.008536320179700851,0.04613247513771057
mistralai/Mistral-7B-Instruct-v0.2,80,alpaca,100,0.07027001151894825,0.01013448741286993,0.05985218286514282
mistralai/Mistral-7B-Instruct-v0.2,90,alpaca,100,0.085850375512061,0.011775592342019081,0.07298994809389114
mistralai/Mistral-7B-Instruct-v0.2,100,alpaca,100,0.07169885140253983,0.013313566334545612,0.08493302017450333
Qwen/Qwen2.5-7B-Instruct,10,alpaca,100,2.179608529626632e-05,0.00779027271270752,0.009196853637695313
Qwen/Qwen2.5-7B-Instruct,20,alpaca,100,0.16178843163484713,0.007716017723083496,0.010735660552978516
Qwen/Qwen2.5-7B-Instruct,30,alpaca,100,0.16607480214404244,0.005898406982421875,0.013062173207600912
Qwen/Qwen2.5-7B-Instruct,40,alpaca,100,0.08703236109115854,0.005483796021768025,0.017080941370555332
Qwen/Qwen2.5-7B-Instruct,50,alpaca,100,0.09533565271950144,0.006296875753573009,0.023763247898646762
Qwen/Qwen2.5-7B-Instruct,60,alpaca,100,0.08703176168818219,0.0068870314529963905,0.02907502225467137
Qwen/Qwen2.5-7B-Instruct,70,alpaca,100,0.08832003390196526,0.007103028574160167,0.03311677064214434
Qwen/Qwen2.5-7B-Instruct,80,alpaca,100,0.10267469074484868,0.007186522973435265,0.03584429195949009
Qwen/Qwen2.5-7B-Instruct,90,alpaca,100,0.1104485600002958,0.00721616404397147,0.03780842253140041
Qwen/Qwen2.5-7B-Instruct,100,alpaca,100,0.10337554423598744,0.007250784763268062,0.03974965640476772
Qwen/Qwen2.5-14B-Instruct,10,alpaca,100,0.0015505526083605147,0.007184088706970215,0.008807225227355957
Qwen/Qwen2.5-14B-Instruct,20,alpaca,100,0.01909902286842772,0.007315183639526367,0.010552001953125
Qwen/Qwen2.5-14B-Instruct,30,alpaca,100,0.1773395683423827,0.005252271016438802,0.011339022318522135
Qwen/Qwen2.5-14B-Instruct,40,alpaca,100,0.08145943813782976,0.00415403413772583,0.011950252532958984
Qwen/Qwen2.5-14B-Instruct,50,alpaca,100,0.100278121681618,0.00368912353515625,0.012698343658447266
Qwen/Qwen2.5-14B-Instruct,60,alpaca,100,0.09389791895458184,0.0038028646260499952,0.014773307740688324
Qwen/Qwen2.5-14B-Instruct,70,alpaca,100,0.09223628895219266,0.003962423279881477,0.01681566536426544
Qwen/Qwen2.5-14B-Instruct,80,alpaca,100,0.10624372340677837,0.004087591543793678,0.01850280612707138
Qwen/Qwen2.5-14B-Instruct,90,alpaca,100,0.11547124126177716,0.004176754504442215,0.019816219806671143
Qwen/Qwen2.5-14B-Instruct,100,alpaca,100,0.10727738251880956,0.00423591434955597,0.02086082100868225
Qwen/Qwen2.5-1.5B-Instruct,10,alpaca,100,0.05660467673719436,0.007291126728057862,0.008881142616271973
Qwen/Qwen2.5-1.5B-Instruct,20,alpaca,100,0.10578868423071226,0.00760043536623319,0.011849090456962585
Qwen/Qwen2.5-1.5B-Instruct,30,alpaca,100,0.19127966107834593,0.007133906707167625,0.017152786254882812
Qwen/Qwen2.5-1.5B-Instruct,40,alpaca,100,0.09311951713449038,0.007628884166479111,0.02625266710917155
Qwen/Qwen2.5-1.5B-Instruct,50,alpaca,100,0.10696621582425662,0.008667830377817154,0.03687832752863566
Qwen/Qwen2.5-1.5B-Instruct,60,alpaca,100,0.10501189246788473,0.009827282900611559,0.046797012289365135
Qwen/Qwen2.5-1.5B-Instruct,70,alpaca,100,0.09727172889265331,0.010824936131636301,0.055104667941729225
Qwen/Qwen2.5-1.5B-Instruct,80,alpaca,100,0.11391231014415344,0.011605150997638702,0.06176095207532247
Qwen/Qwen2.5-1.5B-Instruct,90,alpaca,100,0.13664361695110824,0.012213909377654394,0.06702020764350891
Qwen/Qwen2.5-1.5B-Instruct,100,alpaca,100,0.12248447704416711,0.01274180660645167,0.07135515411694844
Qwen/Qwen2.5-0.5B-Instruct,10,alpaca,100,0.0977293852142655,0.0069436441574777874,0.008885917919022697
Qwen/Qwen2.5-0.5B-Instruct,20,alpaca,100,0.1962289730766269,0.01295663629259382,0.018652030399867466
Qwen/Qwen2.5-0.5B-Instruct,30,alpaca,100,0.22074296413486663,0.011797705931322915,0.027934087174279348
Qwen/Qwen2.5-0.5B-Instruct,40,alpaca,100,0.12203030731422825,0.012940495141914912,0.042120209762028286
Qwen/Qwen2.5-0.5B-Instruct,50,alpaca,100,0.14352796494742134,0.015091982270990099,0.05680401410375323
Qwen/Qwen2.5-0.5B-Instruct,60,alpaca,100,0.13798542799984684,0.01751670560666493,0.07110207421439034
Qwen/Qwen2.5-0.5B-Instruct,70,alpaca,100,0.11508601903602927,0.020269291741507395,0.08547307763780866
Qwen/Qwen2.5-0.5B-Instruct,80,alpaca,100,0.141159569263975,0.022182796682630266,0.0952221155166626
Qwen/Qwen2.5-0.5B-Instruct,90,alpaca,100,0.1626601863436767,0.02411355291094099,0.10402647086552211
Qwen/Qwen2.5-0.5B-Instruct,100,alpaca,100,0.13268671747217042,0.026309996843338013,0.11336708068847656
Qwen/Qwen2.5-3B-Instruct,10,alpaca,100,3.7297818422447246e-06,0.007446310520172119,0.008993276596069336
Qwen/Qwen2.5-3B-Instruct,20,alpaca,100,0.056344856117529166,0.006450715065002441,0.010229053497314454
Qwen/Qwen2.5-3B-Instruct,30,alpaca,100,0.15943100536931548,0.005730328615754843,0.014821074903011322
Qwen/Qwen2.5-3B-Instruct,40,alpaca,100,0.09420875632788173,0.00568373640999198,0.021238207817077637
Qwen/Qwen2.5-3B-Instruct,50,alpaca,100,0.10030206001510386,0.006277853157371283,0.028443193063139915
Qwen/Qwen2.5-3B-Instruct,60,alpaca,100,0.1010922777436411,0.006838657893240452,0.03504806011915207
Qwen/Qwen2.5-3B-Instruct,70,alpaca,100,0.09197014884088076,0.0074745118618011475,0.04165464639663696
Qwen/Qwen2.5-3B-Instruct,80,alpaca,100,0.11280142624515588,0.007935784757137299,0.046679720282554626
Qwen/Qwen2.5-3B-Instruct,90,alpaca,100,0.12278444502359254,0.008324441500008106,0.050773438066244125
Qwen/Qwen2.5-3B-Instruct,100,alpaca,100,0.1165870696884838,0.008612425066530704,0.05410848930478096
meta-llama/Meta-Llama-3-8B-Instruct,10,dolly,100,0.11945387695770023,0.03448025894165039,0.18582862854003906
meta-llama/Meta-Llama-3-8B-Instruct,20,dolly,100,0.10729507999010673,0.032927547454833984,0.17534579467773437
meta-llama/Meta-Llama-3-8B-Instruct,30,dolly,100,0.11641225748049816,0.028220217386881512,0.15047217814127603
meta-llama/Meta-Llama-3-8B-Instruct,40,dolly,100,0.10459543145388177,0.02401155662536621,0.1287759552001953
meta-llama/Meta-Llama-3-8B-Instruct,50,dolly,100,0.10614218474104982,0.02559037320315838,0.137697234749794
meta-llama/Meta-Llama-3-8B-Instruct,60,dolly,100,0.10968120050067914,0.02738434635102749,0.14725370705127716
meta-llama/Meta-Llama-3-8B-Instruct,70,dolly,100,0.10873468280946957,0.028137922286987305,0.15284590423107147
meta-llama/Meta-Llama-3-8B-Instruct,80,dolly,100,0.11419566255076403,0.02884594537317753,0.15727722644805908
meta-llama/Meta-Llama-3-8B-Instruct,90,dolly,100,0.11349541660822243,0.02977495640516281,0.16249360144138336
meta-llama/Meta-Llama-3-8B-Instruct,100,dolly,100,0.11755805010896976,0.030244149267673492,0.1657831370830536
meta-llama/Llama-3.2-3B-Instruct,10,dolly,100,0.1897396378080009,0.048955825805664065,0.22691519165039062
meta-llama/Llama-3.2-3B-Instruct,20,dolly,100,0.16543091672615629,0.0400369873046875,0.19549301147460937
meta-llama/Llama-3.2-3B-Instruct,30,dolly,100,0.18037283743096613,0.03096306864420573,0.16013044230143228
meta-llama/Llama-3.2-3B-Instruct,40,dolly,100,0.1683830317108149,0.032372442384560905,0.174165407816569
meta-llama/Llama-3.2-3B-Instruct,50,dolly,100,0.16609465123801104,0.034455448389053345,0.1882136662801107
meta-llama/Llama-3.2-3B-Instruct,60,dolly,100,0.1771481491700219,0.035987588266531624,0.19888909657796225
meta-llama/Llama-3.2-3B-Instruct,70,dolly,100,0.1554396898019185,0.03648939977089564,0.2050554354985555
meta-llama/Llama-3.2-3B-Instruct,80,dolly,100,0.1722223829748223,0.03706989188989004,0.2098921537399292
meta-llama/Llama-3.2-3B-Instruct,90,dolly,100,0.17250710605197675,0.03781780352195104,0.21574389934539795
meta-llama/Llama-3.2-3B-Instruct,100,dolly,100,0.17194177321074516,0.03803823639949163,0.21905863285064697
mistralai/Mistral-7B-Instruct-v0.2,10,dolly,100,0.1695728515603087,0.039068305969238284,0.1974110107421875
mistralai/Mistral-7B-Instruct-v0.2,20,dolly,100,0.1438969835891724,0.033276668548583986,0.18146046447753905
mistralai/Mistral-7B-Instruct-v0.2,30,dolly,100,0.11309771370839644,0.028056640625,0.15798709106445313
mistralai/Mistral-7B-Instruct-v0.2,40,dolly,100,0.12674551197782224,0.02415909194946289,0.1372023468017578
mistralai/Mistral-7B-Instruct-v0.2,50,dolly,100,0.11668563586114031,0.025859016925096512,0.14806044101715088
mistralai/Mistral-7B-Instruct-v0.2,60,dolly,100,0.138078703894299,0.027961481362581253,0.15954941511154175
mistralai/Mistral-7B-Instruct-v0.2,70,dolly,100,0.11773865578635717,0.029082966968417168,0.16728682816028595
mistralai/Mistral-7B-Instruct-v0.2,80,dolly,100,0.11804699021224017,0.030207695439457893,0.17358329892158508
mistralai/Mistral-7B-Instruct-v0.2,90,dolly,100,0.1062220527495073,0.030977115035057068,0.17897962033748627
mistralai/Mistral-7B-Instruct-v0.2,100,dolly,100,0.11742212224578673,0.03173629567027092,0.18431426584720612
Qwen/Qwen2.5-7B-Instruct,10,dolly,100,0.19338328444269146,0.017884153366088867,0.07275262451171875
Qwen/Qwen2.5-7B-Instruct,20,dolly,100,0.1512093788448074,0.009061808586120606,0.04509716033935547
Qwen/Qwen2.5-7B-Instruct,30,dolly,100,0.13135608726228093,0.006168661117553711,0.03352198028564453
Qwen/Qwen2.5-7B-Instruct,40,dolly,100,0.1431885124689565,0.005212536347763879,0.029684803315571377
Qwen/Qwen2.5-7B-Instruct,50,dolly,100,0.14392569473271424,0.005316101546798434,0.031223422714642117
Qwen/Qwen2.5-7B-Instruct,60,dolly,100,0.1472429629681192,0.005395805197102683,0.03231456237179892
Qwen/Qwen2.5-7B-Instruct,70,dolly,100,0.1448678648468208,0.005409240190471921,0.03275872341224125
Qwen/Qwen2.5-7B-Instruct,80,dolly,100,0.146514446215382,0.005427762333835874,0.03310874955994742
Qwen/Qwen2.5-7B-Instruct,90,dolly,100,0.16102855855224846,0.005489689431020192,0.03377860358783177
Qwen/Qwen2.5-7B-Instruct,100,dolly,100,0.14944375340011234,0.005491000201020922,0.03395007763590131
Qwen/Qwen2.5-14B-Instruct,10,dolly,100,0.19241917960395408,0.013712483406066895,0.06317470932006836
Qwen/Qwen2.5-14B-Instruct,20,dolly,100,0.14653480481127898,0.007730139255523682,0.041159664154052734
Qwen/Qwen2.5-14B-Instruct,30,dolly,100,0.12993967184111418,0.00566523551940918,0.03188024393717448
Qwen/Qwen2.5-14B-Instruct,40,dolly,100,0.14459635908882726,0.004505184650421143,0.02619837760925293
Qwen/Qwen2.5-14B-Instruct,50,dolly,100,0.13529185654659026,0.0037778190612792967,0.022501043701171876
Qwen/Qwen2.5-14B-Instruct,60,dolly,100,0.1463081475886014,0.003828825429081917,0.02336467057466507
Qwen/Qwen2.5-14B-Instruct,70,dolly,100,0.13547074955564503,0.00391402430832386,0.024222491681575774
Qwen/Qwen2.5-14B-Instruct,80,dolly,100,0.14394297859877395,0.003976744413375854,0.02483193576335907
Qwen/Qwen2.5-14B-Instruct,90,dolly,100,0.15482251809401298,0.004032039642333984,0.025578156113624573
Qwen/Qwen2.5-14B-Instruct,100,dolly,100,0.14805350635160042,0.004067875444889069,0.02605092227458954
Qwen/Qwen2.5-1.5B-Instruct,10,dolly,100,0.22869422197219685,0.012149958610534669,0.0684761962890625
Qwen/Qwen2.5-1.5B-Instruct,20,dolly,100,0.19027040229442044,0.009603230903546015,0.06051309903462728
Qwen/Qwen2.5-1.5B-Instruct,30,dolly,100,0.16794919444287373,0.009893201912442843,0.06513664623101552
Qwen/Qwen2.5-1.5B-Instruct,40,dolly,100,0.17873215141276638,0.010061768194039663,0.0681406060854594
Qwen/Qwen2.5-1.5B-Instruct,50,dolly,100,0.18214861639336624,0.01042268176873525,0.0714329183101654
Qwen/Qwen2.5-1.5B-Instruct,60,dolly,100,0.1785705324620162,0.01054328183333079,0.0735253095626831
Qwen/Qwen2.5-1.5B-Instruct,70,dolly,100,0.1672267841582199,0.010623750587304434,0.07451082766056061
Qwen/Qwen2.5-1.5B-Instruct,80,dolly,100,0.19377766093576723,0.010666513194640478,0.07512696584065755
Qwen/Qwen2.5-1.5B-Instruct,90,dolly,100,0.2032677254486229,0.010709445923566818,0.07619658609231313
Qwen/Qwen2.5-1.5B-Instruct,100,dolly,100,0.18292642447928248,0.010751854628324509,0.07677088677883148
Qwen/Qwen2.5-0.5B-Instruct,10,dolly,100,0.25794954288140093,0.02112105275903429,0.0831700052533831
Qwen/Qwen2.5-0.5B-Instruct,20,dolly,100,0.21067385363871796,0.027104780077934265,0.1087908319064549
Qwen/Qwen2.5-0.5B-Instruct,30,dolly,100,0.18294834876241153,0.028453735368592397,0.117327162197658
Qwen/Qwen2.5-0.5B-Instruct,40,dolly,100,0.19572458907293652,0.0295338545526777,0.12408660990851265
Qwen/Qwen2.5-0.5B-Instruct,50,dolly,100,0.20195563515600323,0.030220621398517063,0.12851840257644653
Qwen/Qwen2.5-0.5B-Instruct,60,dolly,100,0.2056423165864618,0.030743445668901716,0.1320876223700387
Qwen/Qwen2.5-0.5B-Instruct,70,dolly,100,0.18961721867910342,0.03105188480445317,0.13395227704729354
Qwen/Qwen2.5-0.5B-Instruct,80,dolly,100,0.20739010774446157,0.031124604599816457,0.13451187951224192
Qwen/Qwen2.5-0.5B-Instruct,90,dolly,100,0.22352003680063834,0.031297160046441216,0.1362458382334028
Qwen/Qwen2.5-0.5B-Instruct,100,dolly,100,0.20122704140661188,0.031408871923174174,0.13695412022726877
Qwen/Qwen2.5-3B-Instruct,10,dolly,100,0.1980771320345447,0.014863740921020508,0.08641879272460938
Qwen/Qwen2.5-3B-Instruct,20,dolly,100,0.16714776114143942,0.008703889846801758,0.05756658554077149
Qwen/Qwen2.5-3B-Instruct,30,dolly,100,0.13877203390101753,0.00863600242882967,0.06168834865093231
Qwen/Qwen2.5-3B-Instruct,40,dolly,100,0.1582250023417029,0.00880303606390953,0.0652419924736023
Qwen/Qwen2.5-3B-Instruct,50,dolly,100,0.15607825621296034,0.009016263298690319,0.06850428134202957
Qwen/Qwen2.5-3B-Instruct,60,dolly,100,0.15623585782997595,0.009122302755713463,0.07077144831418991
Qwen/Qwen2.5-3B-Instruct,70,dolly,100,0.14809812064212818,0.009174932725727558,0.07174056768417358
Qwen/Qwen2.5-3B-Instruct,80,dolly,100,0.16237501040127725,0.009196434170007706,0.07233989983797073
Qwen/Qwen2.5-3B-Instruct,90,dolly,100,0.1756168889464017,0.009215794503688812,0.07344707101583481
Qwen/Qwen2.5-3B-Instruct,100,dolly,100,0.16038052329928326,0.009273873642086983,0.07415079325437546
meta-llama/Meta-Llama-3-8B-Instruct,10,alpaca,10,0.3086000933394849,0.07367197036743164,0.08256844520568847
meta-llama/Meta-Llama-3-8B-Instruct,20,alpaca,10,0.15433325804440234,0.06112372398376465,0.08055967330932617
meta-llama/Meta-Llama-3-8B-Instruct,30,alpaca,10,0.07604055585014005,0.0658039919535319,0.11659740447998047
meta-llama/Meta-Llama-3-8B-Instruct,40,alpaca,10,0.039647765015335776,0.06793639659881592,0.14323423385620118
meta-llama/Meta-Llama-3-8B-Instruct,50,alpaca,10,0.07831044303599953,0.07183345031738281,0.16542832946777344
meta-llama/Meta-Llama-3-8B-Instruct,60,alpaca,10,0.07100998936217064,0.07384594599405925,0.1812350336710612
meta-llama/Meta-Llama-3-8B-Instruct,70,alpaca,10,0.05614901813979589,0.0737809807913644,0.18902598789760044
meta-llama/Meta-Llama-3-8B-Instruct,80,alpaca,10,0.03584233824620343,0.07212270259857177,0.19201940536499024
meta-llama/Meta-Llama-3-8B-Instruct,90,alpaca,10,0.10298847282024781,0.07025187598334419,0.1914586893717448
meta-llama/Meta-Llama-3-8B-Instruct,100,alpaca,10,0.0331544223416027,0.06831470489501953,0.18958857727050782
meta-llama/Llama-3.2-3B-Instruct,10,alpaca,10,0.38179796308983194,0.07154941082000732,0.08031843185424804
meta-llama/Llama-3.2-3B-Instruct,20,alpaca,10,0.20325361291838653,0.05910937786102295,0.07905949115753173
meta-llama/Llama-3.2-3B-Instruct,30,alpaca,10,0.11799586274467526,0.06095010757446289,0.1155938720703125
meta-llama/Llama-3.2-3B-Instruct,40,alpaca,10,0.05206693802510822,0.061987175941467285,0.14499465942382814
meta-llama/Llama-3.2-3B-Instruct,50,alpaca,10,0.0932450857794093,0.06855525970458984,0.17249671936035157
meta-llama/Llama-3.2-3B-Instruct,60,alpaca,10,0.08440473839433091,0.07259869893391926,0.1915772247314453
meta-llama/Llama-3.2-3B-Instruct,70,alpaca,10,0.07196554612576081,0.07451593671526227,0.20264602661132813
meta-llama/Llama-3.2-3B-Instruct,80,alpaca,10,0.06772629577513395,0.0739655351638794,0.20696260452270507
meta-llama/Llama-3.2-3B-Instruct,90,alpaca,10,0.13420716500052288,0.07263959248860677,0.207123531765408
meta-llama/Llama-3.2-3B-Instruct,100,alpaca,10,0.06761109381928253,0.07152559661865235,0.20660597229003907
mistralai/Mistral-7B-Instruct-v0.2,10,alpaca,10,0.3604439850073442,0.07676870346069337,0.08460052490234375
mistralai/Mistral-7B-Instruct-v0.2,20,alpaca,10,0.14414746914000354,0.06834061622619629,0.08951444625854492
mistralai/Mistral-7B-Instruct-v0.2,30,alpaca,10,0.1903444171505366,0.047131319046020505,0.08058835983276368
mistralai/Mistral-7B-Instruct-v0.2,40,alpaca,10,0.056638980463765476,0.04894749164581299,0.11190810203552246
mistralai/Mistral-7B-Instruct-v0.2,50,alpaca,10,0.029844492467585738,0.0447471809387207,0.11987343597412109
mistralai/Mistral-7B-Instruct-v0.2,60,alpaca,10,0.02741168661638645,0.04699682871500651,0.1383140436808268
mistralai/Mistral-7B-Instruct-v0.2,70,alpaca,10,0.04918149160433933,0.04762305123465402,0.1507838657924107
mistralai/Mistral-7B-Instruct-v0.2,80,alpaca,10,0.07129870517548902,0.0488400650024414,0.16246454238891603
mistralai/Mistral-7B-Instruct-v0.2,90,alpaca,10,0.03943527379907662,0.049781176249186196,0.1704392835828993
mistralai/Mistral-7B-Instruct-v0.2,100,alpaca,10,0.07816695879942101,0.05016280746459961,0.1752015380859375
Qwen/Qwen2.5-7B-Instruct,10,alpaca,10,3.0644847132985e-05,0.07399792671203613,0.08575346946716308
Qwen/Qwen2.5-7B-Instruct,20,alpaca,10,0.20477269119303293,0.06871976375579834,0.09110793113708496
Qwen/Qwen2.5-7B-Instruct,30,alpaca,10,0.12794904362935977,0.05455565134684245,0.10813648223876954
Qwen/Qwen2.5-7B-Instruct,40,alpaca,10,0.05589213846297321,0.047531571388244626,0.11349607467651367
Qwen/Qwen2.5-7B-Instruct,50,alpaca,10,0.0689256121290378,0.04271895980834961,0.11353623199462891
Qwen/Qwen2.5-7B-Instruct,60,alpaca,10,0.06497573396491992,0.03885091781616211,0.11179801940917969
Qwen/Qwen2.5-7B-Instruct,70,alpaca,10,0.05376151133576227,0.03454953602382115,0.10828132629394531
Qwen/Qwen2.5-7B-Instruct,80,alpaca,10,0.07016691740996181,0.03002323389053345,0.10171445846557617
Qwen/Qwen2.5-7B-Instruct,90,alpaca,10,0.1115201317470859,0.027345220777723524,0.09624044630262586
Qwen/Qwen2.5-7B-Instruct,100,alpaca,10,0.08404142200035605,0.02515277671813965,0.09202690124511718
Qwen/Qwen2.5-14B-Instruct,10,alpaca,10,0.0021448778246372555,0.06819633960723877,0.08194709777832031
Qwen/Qwen2.5-14B-Instruct,20,alpaca,10,0.012427950902342947,0.062058944702148434,0.08726193428039551
Qwen/Qwen2.5-14B-Instruct,30,alpaca,10,0.1280995591279198,0.047522115707397464,0.09491783777872721
Qwen/Qwen2.5-14B-Instruct,40,alpaca,10,0.07201555976101001,0.0390036940574646,0.09038629531860351
Qwen/Qwen2.5-14B-Instruct,50,alpaca,10,0.07348327769291152,0.0338492546081543,0.08694241333007813
Qwen/Qwen2.5-14B-Instruct,60,alpaca,10,0.08152068652690284,0.030436023076375326,0.0845034662882487
Qwen/Qwen2.5-14B-Instruct,70,alpaca,10,0.059404260008998046,0.02745568139212472,0.08151827130998884
Qwen/Qwen2.5-14B-Instruct,80,alpaca,10,0.07112343253345745,0.025060524940490724,0.07866816997528076
Qwen/Qwen2.5-14B-Instruct,90,alpaca,10,0.10747456390624369,0.023088671366373697,0.07506261189778646
Qwen/Qwen2.5-14B-Instruct,100,alpaca,10,0.08525580041665341,0.021243444442749025,0.07120377349853516
Qwen/Qwen2.5-1.5B-Instruct,10,alpaca,10,0.07956603624838576,0.0687500286102295,0.08267888069152832
Qwen/Qwen2.5-1.5B-Instruct,20,alpaca,10,0.11072583871882549,0.05358364582061768,0.07888823986053467
Qwen/Qwen2.5-1.5B-Instruct,30,alpaca,10,0.14427999127854052,0.03587238629659017,0.08107107798258463
Qwen/Qwen2.5-1.5B-Instruct,40,alpaca,10,0.07765587638654323,0.028854472637176512,0.08065825462341308
Qwen/Qwen2.5-1.5B-Instruct,50,alpaca,10,0.08790930145104267,0.027155019760131835,0.0841374282836914
Qwen/Qwen2.5-1.5B-Instruct,60,alpaca,10,0.08994515286277922,0.026562474568684897,0.08695070266723633
Qwen/Qwen2.5-1.5B-Instruct,70,alpaca,10,0.06195019567729267,0.025124549865722656,0.08615753718784877
Qwen/Qwen2.5-1.5B-Instruct,80,alpaca,10,0.06586828704093348,0.02363584518432617,0.08404341697692871
Qwen/Qwen2.5-1.5B-Instruct,90,alpaca,10,0.1379472793155747,0.02247836430867513,0.08154084099663629
Qwen/Qwen2.5-1.5B-Instruct,100,alpaca,10,0.09659204973841176,0.021351844787597656,0.07881464385986328
Qwen/Qwen2.5-0.5B-Instruct,10,alpaca,10,0.13638868811068222,0.060159850120544436,0.07485896110534668
Qwen/Qwen2.5-0.5B-Instruct,20,alpaca,10,0.1344294186219685,0.050742483139038085,0.07149449348449707
Qwen/Qwen2.5-0.5B-Instruct,30,alpaca,10,0.1777216009433425,0.03762029965718587,0.08013930002848307
Qwen/Qwen2.5-0.5B-Instruct,40,alpaca,10,0.11838898674517824,0.03020362138748169,0.07857989311218262
Qwen/Qwen2.5-0.5B-Instruct,50,alpaca,10,0.12297869062317804,0.029462890625,0.08191480255126952
Qwen/Qwen2.5-0.5B-Instruct,60,alpaca,10,0.09281267868309595,0.02881882031758626,0.0842928949991862
Qwen/Qwen2.5-0.5B-Instruct,70,alpaca,10,0.0569048209645483,0.028095678601946148,0.08507637568882534
Qwen/Qwen2.5-0.5B-Instruct,80,alpaca,10,0.07728250254370381,0.026398580074310302,0.08280552864074707
Qwen/Qwen2.5-0.5B-Instruct,90,alpaca,10,0.16100156344886135,0.025170732821737016,0.08009712185178484
Qwen/Qwen2.5-0.5B-Instruct,100,alpaca,10,0.10240482631584455,0.027260071464947293,0.08725168875285558
Qwen/Qwen2.5-3B-Instruct,10,alpaca,10,4.788368464762349e-06,0.06665459632873535,0.08099906921386718
Qwen/Qwen2.5-3B-Instruct,20,alpaca,10,0.015658449461662383,0.05615878105163574,0.0844316291809082
Qwen/Qwen2.5-3B-Instruct,30,alpaca,10,0.12601965079959024,0.03447593053181966,0.08369211196899413
Qwen/Qwen2.5-3B-Instruct,40,alpaca,10,0.0732412534439252,0.02871600866317749,0.08405757904052734
Qwen/Qwen2.5-3B-Instruct,50,alpaca,10,0.07906649926255574,0.0253641357421875,0.08331271362304687
Qwen/Qwen2.5-3B-Instruct,60,alpaca,10,0.08830393594960699,0.023997179667154946,0.08475008646647135
Qwen/Qwen2.5-3B-Instruct,70,alpaca,10,0.0634750479930213,0.022583233969552176,0.08508681161063059
Qwen/Qwen2.5-3B-Instruct,80,alpaca,10,0.07889939144774752,0.021265122890472412,0.08375144958496093
Qwen/Qwen2.5-3B-Instruct,90,alpaca,10,0.12533211602339406,0.020066161685519748,0.08105046590169271
Qwen/Qwen2.5-3B-Instruct,100,alpaca,10,0.09587878316431442,0.019118227005004883,0.07894377136230468
meta-llama/Meta-Llama-3-8B-Instruct,10,alpaca,100,0.31999823712275133,0.007435241222381592,0.00846232032775879
meta-llama/Meta-Llama-3-8B-Instruct,20,alpaca,100,0.13075982431082867,0.00690173053741455,0.009202417373657226
meta-llama/Meta-Llama-3-8B-Instruct,30,alpaca,100,0.10016298917467316,0.006384897867838542,0.013083264668782553
meta-llama/Meta-Llama-3-8B-Instruct,40,alpaca,100,0.05739023016275194,0.006716250896453857,0.020429622650146483
meta-llama/Meta-Llama-3-8B-Instruct,50,alpaca,100,0.07711705500487821,0.00890221819281578,0.03485007584095001
meta-llama/Meta-Llama-3-8B-Instruct,60,alpaca,100,0.054457613038680776,0.011237445287406445,0.050384849309921265
meta-llama/Meta-Llama-3-8B-Instruct,70,alpaca,100,0.07023473222635636,0.013564041815698147,0.06555105745792389
meta-llama/Meta-Llama-3-8B-Instruct,80,alpaca,100,0.07575828754439135,0.015668267384171486,0.07820726186037064
meta-llama/Meta-Llama-3-8B-Instruct,90,alpaca,100,0.09138293186722896,0.01761053130030632,0.08904533833265305
meta-llama/Meta-Llama-3-8B-Instruct,100,alpaca,100,0.08196083730818905,0.01931244693696499,0.09816781431436539
meta-llama/Llama-3.2-3B-Instruct,10,alpaca,100,0.4004494710988132,0.007279043674468994,0.008288465499877929
meta-llama/Llama-3.2-3B-Instruct,20,alpaca,100,0.17907573216600337,0.0068037395477294925,0.009198558807373048
meta-llama/Llama-3.2-3B-Instruct,30,alpaca,100,0.15249231003278757,0.005911534627278646,0.013141581217447917
meta-llama/Llama-3.2-3B-Instruct,40,alpaca,100,0.07983043216945244,0.007948165759444237,0.028230016430219013
meta-llama/Llama-3.2-3B-Instruct,50,alpaca,100,0.10468129453325144,0.010941840708255768,0.050859679778416954
meta-llama/Llama-3.2-3B-Instruct,60,alpaca,100,0.08359833362244135,0.014112597952286402,0.07408435146013896
meta-llama/Llama-3.2-3B-Instruct,70,alpaca,100,0.09578358049854996,0.017418925960858662,0.09681689739227295
meta-llama/Llama-3.2-3B-Instruct,80,alpaca,100,0.1066222577563968,0.020392718414465588,0.11552922924359639
meta-llama/Llama-3.2-3B-Instruct,90,alpaca,100,0.13358775340332651,0.02305569499731064,0.1311856508255005
meta-llama/Llama-3.2-3B-Instruct,100,alpaca,100,0.1107351135287161,0.02545890212059021,0.14452534914016724
mistralai/Mistral-7B-Instruct-v0.2,10,alpaca,100,0.35770262248033474,0.008053050994873048,0.008851021766662597
mistralai/Mistral-7B-Instruct-v0.2,20,alpaca,100,0.15863752821133928,0.008229039192199706,0.010745410919189452
mistralai/Mistral-7B-Instruct-v0.2,30,alpaca,100,0.18627732530393198,0.005861397425333659,0.009902208328247071
mistralai/Mistral-7B-Instruct-v0.2,40,alpaca,100,0.11902758516066497,0.0049849581718444825,0.013514826774597168
mistralai/Mistral-7B-Instruct-v0.2,50,alpaca,100,0.043618255806734674,0.005819325335323811,0.021556515246629715
mistralai/Mistral-7B-Instruct-v0.2,60,alpaca,100,0.07740133733396187,0.0071512144058942795,0.033493950963020325
mistralai/Mistral-7B-Instruct-v0.2,70,alpaca,100,0.06852644989243918,0.008536320179700851,0.04613247513771057
mistralai/Mistral-7B-Instruct-v0.2,80,alpaca,100,0.07027001151894825,0.01013448741286993,0.05985218286514282
mistralai/Mistral-7B-Instruct-v0.2,90,alpaca,100,0.085850375512061,0.011775592342019081,0.07298994809389114
mistralai/Mistral-7B-Instruct-v0.2,100,alpaca,100,0.07169885140253983,0.013313566334545612,0.08493302017450333
Qwen/Qwen2.5-7B-Instruct,10,alpaca,100,2.179608529626632e-05,0.00779027271270752,0.009196853637695313
Qwen/Qwen2.5-7B-Instruct,20,alpaca,100,0.16178843163484713,0.007716017723083496,0.010735660552978516
Qwen/Qwen2.5-7B-Instruct,30,alpaca,100,0.16607480214404244,0.005898406982421875,0.013062173207600912
Qwen/Qwen2.5-7B-Instruct,40,alpaca,100,0.08703236109115854,0.005483796021768025,0.017080941370555332
Qwen/Qwen2.5-7B-Instruct,50,alpaca,100,0.09533565271950144,0.006296875753573009,0.023763247898646762
Qwen/Qwen2.5-7B-Instruct,60,alpaca,100,0.08703176168818219,0.0068870314529963905,0.02907502225467137
Qwen/Qwen2.5-7B-Instruct,70,alpaca,100,0.08832003390196526,0.007103028574160167,0.03311677064214434
Qwen/Qwen2.5-7B-Instruct,80,alpaca,100,0.10267469074484868,0.007186522973435265,0.03584429195949009
Qwen/Qwen2.5-7B-Instruct,90,alpaca,100,0.1104485600002958,0.00721616404397147,0.03780842253140041
Qwen/Qwen2.5-7B-Instruct,100,alpaca,100,0.10337554423598744,0.007250784763268062,0.03974965640476772
Qwen/Qwen2.5-14B-Instruct,10,alpaca,100,0.0015505526083605147,0.007184088706970215,0.008807225227355957
Qwen/Qwen2.5-14B-Instruct,20,alpaca,100,0.01909902286842772,0.007315183639526367,0.010552001953125
Qwen/Qwen2.5-14B-Instruct,30,alpaca,100,0.1773395683423827,0.005252271016438802,0.011339022318522135
Qwen/Qwen2.5-14B-Instruct,40,alpaca,100,0.08145943813782976,0.00415403413772583,0.011950252532958984
Qwen/Qwen2.5-14B-Instruct,50,alpaca,100,0.100278121681618,0.00368912353515625,0.012698343658447266
Qwen/Qwen2.5-14B-Instruct,60,alpaca,100,0.09389791895458184,0.0038028646260499952,0.014773307740688324
Qwen/Qwen2.5-14B-Instruct,70,alpaca,100,0.09223628895219266,0.003962423279881477,0.01681566536426544
Qwen/Qwen2.5-14B-Instruct,80,alpaca,100,0.10624372340677837,0.004087591543793678,0.01850280612707138
Qwen/Qwen2.5-14B-Instruct,90,alpaca,100,0.11547124126177716,0.004176754504442215,0.019816219806671143
Qwen/Qwen2.5-14B-Instruct,100,alpaca,100,0.10727738251880956,0.00423591434955597,0.02086082100868225
Qwen/Qwen2.5-1.5B-Instruct,10,alpaca,100,0.05660467673719436,0.007291126728057862,0.008881142616271973
Qwen/Qwen2.5-1.5B-Instruct,20,alpaca,100,0.10578868423071226,0.00760043536623319,0.011849090456962585
Qwen/Qwen2.5-1.5B-Instruct,30,alpaca,100,0.19127966107834593,0.007133906707167625,0.017152786254882812
Qwen/Qwen2.5-1.5B-Instruct,40,alpaca,100,0.09311951713449038,0.007628884166479111,0.02625266710917155
Qwen/Qwen2.5-1.5B-Instruct,50,alpaca,100,0.10696621582425662,0.008667830377817154,0.03687832752863566
Qwen/Qwen2.5-1.5B-Instruct,60,alpaca,100,0.10501189246788473,0.009827282900611559,0.046797012289365135
Qwen/Qwen2.5-1.5B-Instruct,70,alpaca,100,0.09727172889265331,0.010824936131636301,0.055104667941729225
Qwen/Qwen2.5-1.5B-Instruct,80,alpaca,100,0.11391231014415344,0.011605150997638702,0.06176095207532247
Qwen/Qwen2.5-1.5B-Instruct,90,alpaca,100,0.13664361695110824,0.012213909377654394,0.06702020764350891
Qwen/Qwen2.5-1.5B-Instruct,100,alpaca,100,0.12248447704416711,0.01274180660645167,0.07135515411694844
Qwen/Qwen2.5-0.5B-Instruct,10,alpaca,100,0.0977293852142655,0.0069436441574777874,0.008885917919022697
Qwen/Qwen2.5-0.5B-Instruct,20,alpaca,100,0.1962289730766269,0.01295663629259382,0.018652030399867466
Qwen/Qwen2.5-0.5B-Instruct,30,alpaca,100,0.22074296413486663,0.011797705931322915,0.027934087174279348
Qwen/Qwen2.5-0.5B-Instruct,40,alpaca,100,0.12203030731422825,0.012940495141914912,0.042120209762028286
Qwen/Qwen2.5-0.5B-Instruct,50,alpaca,100,0.14352796494742134,0.015091982270990099,0.05680401410375323
Qwen/Qwen2.5-0.5B-Instruct,60,alpaca,100,0.13798542799984684,0.01751670560666493,0.07110207421439034
Qwen/Qwen2.5-0.5B-Instruct,70,alpaca,100,0.11508601903602927,0.020269291741507395,0.08547307763780866
Qwen/Qwen2.5-0.5B-Instruct,80,alpaca,100,0.141159569263975,0.022182796682630266,0.0952221155166626
Qwen/Qwen2.5-0.5B-Instruct,90,alpaca,100,0.1626601863436767,0.02411355291094099,0.10402647086552211
Qwen/Qwen2.5-0.5B-Instruct,100,alpaca,100,0.13268671747217042,0.026309996843338013,0.11336708068847656
Qwen/Qwen2.5-3B-Instruct,10,alpaca,100,3.7297818422447246e-06,0.007446310520172119,0.008993276596069336
Qwen/Qwen2.5-3B-Instruct,20,alpaca,100,0.056344856117529166,0.006450715065002441,0.010229053497314454
Qwen/Qwen2.5-3B-Instruct,30,alpaca,100,0.15943100536931548,0.005730328615754843,0.014821074903011322
Qwen/Qwen2.5-3B-Instruct,40,alpaca,100,0.09420875632788173,0.00568373640999198,0.021238207817077637
Qwen/Qwen2.5-3B-Instruct,50,alpaca,100,0.10030206001510386,0.006277853157371283,0.028443193063139915
Qwen/Qwen2.5-3B-Instruct,60,alpaca,100,0.1010922777436411,0.006838657893240452,0.03504806011915207
Qwen/Qwen2.5-3B-Instruct,70,alpaca,100,0.09197014884088076,0.0074745118618011475,0.04165464639663696
Qwen/Qwen2.5-3B-Instruct,80,alpaca,100,0.11280142624515588,0.007935784757137299,0.046679720282554626
Qwen/Qwen2.5-3B-Instruct,90,alpaca,100,0.12278444502359254,0.008324441500008106,0.050773438066244125
Qwen/Qwen2.5-3B-Instruct,100,alpaca,100,0.1165870696884838,0.008612425066530704,0.05410848930478096
meta-llama/Meta-Llama-3-8B-Instruct,10,alpaca,500,0.3193844909190369,0.0018151889089494944,0.002064751461148262
meta-llama/Meta-Llama-3-8B-Instruct,20,alpaca,500,0.1320291630503288,0.0033548560459166765,0.004475952126085758
meta-llama/Meta-Llama-3-8B-Instruct,30,alpaca,500,0.11219762380455985,0.0046907104551792145,0.010532451793551445
meta-llama/Meta-Llama-3-8B-Instruct,40,alpaca,500,0.06824177872991649,0.006569214630872011,0.023278018459677696
meta-llama/Meta-Llama-3-8B-Instruct,50,alpaca,500,0.08313564738200957,0.008929546922445297,0.041994206607341766
meta-llama/Meta-Llama-3-8B-Instruct,60,alpaca,500,0.06748467601085083,0.011350832879543304,0.06170155107975006
meta-llama/Meta-Llama-3-8B-Instruct,70,alpaca,500,0.07299439602136053,0.01370890811085701,0.07994024455547333
meta-llama/Meta-Llama-3-8B-Instruct,80,alpaca,500,0.07784357171311311,0.01589999347925186,0.09559376537799835
meta-llama/Meta-Llama-3-8B-Instruct,90,alpaca,500,0.08479293965903877,0.017916951328516006,0.10877752304077148
meta-llama/Meta-Llama-3-8B-Instruct,100,alpaca,500,0.08787701854797761,0.019646991044282913,0.11944658309221268
meta-llama/Llama-3.2-3B-Instruct,10,alpaca,500,0.39944515912909895,0.002368737788250049,0.002695697359740734
meta-llama/Llama-3.2-3B-Instruct,20,alpaca,500,0.18037761805267014,0.004405422446628411,0.005960625906785329
meta-llama/Llama-3.2-3B-Instruct,30,alpaca,500,0.17155905492932783,0.005815017968416214,0.014312786360581716
meta-llama/Llama-3.2-3B-Instruct,40,alpaca,500,0.09422763700636794,0.008002092440923056,0.03367122014363607
meta-llama/Llama-3.2-3B-Instruct,50,alpaca,500,0.1107167726565215,0.011044306059678396,0.06200904150803884
meta-llama/Llama-3.2-3B-Instruct,60,alpaca,500,0.09211203611052572,0.014313865453004837,0.09108942747116089
meta-llama/Llama-3.2-3B-Instruct,70,alpaca,500,0.0976582573125282,0.01767913872996966,0.11807975172996521
meta-llama/Llama-3.2-3B-Instruct,80,alpaca,500,0.10352693882696701,0.020675779630740482,0.14047273993492126
meta-llama/Llama-3.2-3B-Instruct,90,alpaca,500,0.11479305622685189,0.02337156981229782,0.15900973478953043
meta-llama/Llama-3.2-3B-Instruct,100,alpaca,500,0.11593579020204353,0.025712390740712483,0.17396587133407593
mistralai/Mistral-7B-Instruct-v0.2,10,alpaca,500,0.35785023430871216,0.0019627930596470833,0.002157890470698476
mistralai/Mistral-7B-Instruct-v0.2,20,alpaca,500,0.1578572942613443,0.003991108387708664,0.005219849292188883
mistralai/Mistral-7B-Instruct-v0.2,30,alpaca,500,0.19707454688052187,0.004255892708897591,0.007326576858758926
mistralai/Mistral-7B-Instruct-v0.2,40,alpaca,500,0.12321310794882555,0.00497329281643033,0.014952681958675385
mistralai/Mistral-7B-Instruct-v0.2,50,alpaca,500,0.05471426899623212,0.005944953765720129,0.025069525465369225
mistralai/Mistral-7B-Instruct-v0.2,60,alpaca,500,0.07254293404263673,0.007271085865795612,0.03922264277935028
mistralai/Mistral-7B-Instruct-v0.2,70,alpaca,500,0.0679354278907791,0.008718068711459637,0.05461720749735832
mistralai/Mistral-7B-Instruct-v0.2,80,alpaca,500,0.06701066345746476,0.010318798013031483,0.07051432877779007
mistralai/Mistral-7B-Instruct-v0.2,90,alpaca,500,0.07847691072916028,0.011955498717725277,0.08568087965250015
mistralai/Mistral-7B-Instruct-v0.2,100,alpaca,500,0.08307009452909568,0.01349650789052248,0.09930017590522766
Qwen/Qwen2.5-7B-Instruct,10,alpaca,500,2.227255708747425e-05,0.0021703746169805527,0.0025610822652067456
Qwen/Qwen2.5-7B-Instruct,20,alpaca,500,0.16410296868798022,0.004290658182331494,0.005963975829737527
Qwen/Qwen2.5-7B-Instruct,30,alpaca,500,0.17113008687621886,0.004998939910105297,0.011755703815392085
Qwen/Qwen2.5-7B-Instruct,40,alpaca,500,0.07881024696775416,0.005531695804425648,0.018683265362467085
Qwen/Qwen2.5-7B-Instruct,50,alpaca,500,0.08585982240146078,0.006334640617881503,0.026242667010852268
Qwen/Qwen2.5-7B-Instruct,60,alpaca,500,0.07946487900148429,0.006952271929809025,0.03244721038000924
Qwen/Qwen2.5-7B-Instruct,70,alpaca,500,0.0880909456863549,0.007236280079398837,0.03698466505323138
Qwen/Qwen2.5-7B-Instruct,80,alpaca,500,0.09309887301430549,0.007378661738974708,0.04025059512683323
Qwen/Qwen2.5-7B-Instruct,90,alpaca,500,0.09567804148083255,0.007413732154028756,0.04254571454865592
Qwen/Qwen2.5-7B-Instruct,100,alpaca,500,0.09589368940871626,0.007452343191419329,0.0446961692401341
Qwen/Qwen2.5-14B-Instruct,10,alpaca,500,0.0015825547353908002,0.0014346745491027831,0.0017579544067382812
Qwen/Qwen2.5-14B-Instruct,20,alpaca,500,0.018739811301023153,0.0028394224122166634,0.004098926484584808
Qwen/Qwen2.5-14B-Instruct,30,alpaca,500,0.18786677385021455,0.0031041780486702917,0.006989045441150666
Qwen/Qwen2.5-14B-Instruct,40,alpaca,500,0.08269595623173776,0.003265804424881935,0.009999936819076538
Qwen/Qwen2.5-14B-Instruct,50,alpaca,500,0.0899406963618799,0.003621794283390045,0.013520583510398865
Qwen/Qwen2.5-14B-Instruct,60,alpaca,500,0.08559598182061147,0.003850970044732094,0.01643184870481491
Qwen/Qwen2.5-14B-Instruct,70,alpaca,500,0.09287784928713788,0.004027887433767319,0.018818160891532897
Qwen/Qwen2.5-14B-Instruct,80,alpaca,500,0.09674172480084756,0.0041590876877307895,0.020841968059539796
Qwen/Qwen2.5-14B-Instruct,90,alpaca,500,0.1007062913051162,0.004242630675435066,0.02237048149108887
Qwen/Qwen2.5-14B-Instruct,100,alpaca,500,0.09796235603034228,0.004289261624217033,0.023524466156959533
Qwen/Qwen2.5-1.5B-Instruct,10,alpaca,500,0.057841057633950824,0.00474904819081227,0.005778331930438678
Qwen/Qwen2.5-1.5B-Instruct,20,alpaca,500,0.10605453101084145,0.0076035962750514345,0.011821553111076355
Qwen/Qwen2.5-1.5B-Instruct,30,alpaca,500,0.20114176596459488,0.007203842202822368,0.01806752880414327
Qwen/Qwen2.5-1.5B-Instruct,40,alpaca,500,0.09614487313461245,0.007660571485757828,0.027733055253823597
Qwen/Qwen2.5-1.5B-Instruct,50,alpaca,500,0.10367123500380172,0.00863751582801342,0.03942312548557917
Qwen/Qwen2.5-1.5B-Instruct,60,alpaca,500,0.0944162965577467,0.009740366910894712,0.050166428089141846
Qwen/Qwen2.5-1.5B-Instruct,70,alpaca,500,0.10413771936833713,0.010744495938221613,0.05889429152011871
Qwen/Qwen2.5-1.5B-Instruct,80,alpaca,500,0.10587311873831046,0.011427663266658783,0.06584540506203969
Qwen/Qwen2.5-1.5B-Instruct,90,alpaca,500,0.11292521321837075,0.01194697991013527,0.07130505641301473
Qwen/Qwen2.5-1.5B-Instruct,100,alpaca,500,0.11315795014658545,0.012338794767856598,0.07540035744508107
Qwen/Qwen2.5-0.5B-Instruct,10,alpaca,500,0.09981103998561104,0.006937532020466668,0.008869181786264693
Qwen/Qwen2.5-0.5B-Instruct,20,alpaca,500,0.1929013047598377,0.01288052648305893,0.018549048474856784
Qwen/Qwen2.5-0.5B-Instruct,30,alpaca,500,0.23119343134601433,0.011975161731243134,0.029204111014093672
Qwen/Qwen2.5-0.5B-Instruct,40,alpaca,500,0.12110184441740218,0.013190650514193944,0.04417681694030762
Qwen/Qwen2.5-0.5B-Instruct,50,alpaca,500,0.13809968653445906,0.015247203409671783,0.06003132462501526
Qwen/Qwen2.5-0.5B-Instruct,60,alpaca,500,0.12147192150477235,0.01762628129550389,0.07522483382906232
Qwen/Qwen2.5-0.5B-Instruct,70,alpaca,500,0.1266394504195312,0.02023882099560329,0.08952748775482178
Qwen/Qwen2.5-0.5B-Instruct,80,alpaca,500,0.1317198925151788,0.021980777382850647,0.09957127060209002
Qwen/Qwen2.5-0.5B-Instruct,90,alpaca,500,0.13973174546938533,0.023834177425929477,0.10901953492845808
Qwen/Qwen2.5-0.5B-Instruct,100,alpaca,500,0.13229262570532235,0.025771185755729675,0.11805771929877144
Qwen/Qwen2.5-3B-Instruct,10,alpaca,500,3.78678266038029e-06,0.003622820135205984,0.004377670120447874
Qwen/Qwen2.5-3B-Instruct,20,alpaca,500,0.05415404960529018,0.00627151969820261,0.009936103597283363
Qwen/Qwen2.5-3B-Instruct,30,alpaca,500,0.1658749725582303,0.005707764998078346,0.015574545599520206
Qwen/Qwen2.5-3B-Instruct,40,alpaca,500,0.08836565300531882,0.005642569623887539,0.022551732137799263
Qwen/Qwen2.5-3B-Instruct,50,alpaca,500,0.09912319996903465,0.006247543264180422,0.030558237805962563
Qwen/Qwen2.5-3B-Instruct,60,alpaca,500,0.09300172120703741,0.006854258012026548,0.03803881257772446
Qwen/Qwen2.5-3B-Instruct,70,alpaca,500,0.09974854791173107,0.007498242426663637,0.04507995396852493
Qwen/Qwen2.5-3B-Instruct,80,alpaca,500,0.10515733233869998,0.007939605042338371,0.05056972801685333
Qwen/Qwen2.5-3B-Instruct,90,alpaca,500,0.10995135110291696,0.008315912447869778,0.055145036429166794
Qwen/Qwen2.5-3B-Instruct,100,alpaca,500,0.10802689485982056,0.00856834277510643,0.058596715331077576
meta-llama/Meta-Llama-3-8B-Instruct,10,alpaca,1000,0.3193095550256521,0.001815175754018128,0.0020645898766815662
meta-llama/Meta-Llama-3-8B-Instruct,20,alpaca,1000,0.13218414410255644,0.003352957544848323,0.004473738372325897
meta-llama/Meta-Llama-3-8B-Instruct,30,alpaca,1000,0.11112283940576474,0.00469568558037281,0.010604973882436752
meta-llama/Meta-Llama-3-8B-Instruct,40,alpaca,1000,0.06826806809188198,0.006558517459779978,0.0233586635440588
meta-llama/Meta-Llama-3-8B-Instruct,50,alpaca,1000,0.08278154938624786,0.008930236101150513,0.042203012853860855
meta-llama/Meta-Llama-3-8B-Instruct,60,alpaca,1000,0.06733939075591469,0.011355524882674217,0.06197643280029297
meta-llama/Meta-Llama-3-8B-Instruct,70,alpaca,1000,0.07329336180091225,0.013724584132432938,0.08032885193824768
meta-llama/Meta-Llama-3-8B-Instruct,80,alpaca,1000,0.07963273100074096,0.01592424511909485,0.09599807113409042
meta-llama/Meta-Llama-3-8B-Instruct,90,alpaca,1000,0.0857033537799123,0.01794392429292202,0.10916469246149063
meta-llama/Meta-Llama-3-8B-Instruct,100,alpaca,1000,0.0883343080068711,0.01967298798263073,0.11979445815086365
meta-llama/Llama-3.2-3B-Instruct,10,alpaca,1000,0.39932253675810564,0.002368635032325983,0.002695392817258835
meta-llama/Llama-3.2-3B-Instruct,20,alpaca,1000,0.1805365729780318,0.004402413343389829,0.005957087501883507
meta-llama/Llama-3.2-3B-Instruct,30,alpaca,1000,0.16983102322585666,0.005817448099454244,0.014398114134867987
meta-llama/Llama-3.2-3B-Instruct,40,alpaca,1000,0.09397878563854536,0.007970816766222319,0.03372226903835932
meta-llama/Llama-3.2-3B-Instruct,50,alpaca,1000,0.11036853949001342,0.01102759192387263,0.06220624347527822
meta-llama/Llama-3.2-3B-Instruct,60,alpaca,1000,0.09297812997995943,0.014291954537232717,0.09135911862055461
meta-llama/Llama-3.2-3B-Instruct,70,alpaca,1000,0.0981820196130068,0.01764565333724022,0.1183922787507375
meta-llama/Llama-3.2-3B-Instruct,80,alpaca,1000,0.10530688544418584,0.020640927056471508,0.1407909393310547
meta-llama/Llama-3.2-3B-Instruct,90,alpaca,1000,0.11626792491575214,0.023332456747690838,0.15928413470586142
meta-llama/Llama-3.2-3B-Instruct,100,alpaca,1000,0.1166312172345663,0.025677651166915894,0.1742238998413086
mistralai/Mistral-7B-Instruct-v0.2,10,alpaca,1000,0.35786825710733267,0.001962378155440092,0.0021575097925961018
mistralai/Mistral-7B-Instruct-v0.2,20,alpaca,1000,0.1577620308972075,0.003987716045230627,0.005216418299823999
mistralai/Mistral-7B-Instruct-v0.2,30,alpaca,1000,0.19557418195844656,0.004251548089087009,0.007331265136599541
mistralai/Mistral-7B-Instruct-v0.2,40,alpaca,1000,0.1259773776991586,0.004983904305845499,0.015098288655281067
mistralai/Mistral-7B-Instruct-v0.2,50,alpaca,1000,0.05409297195488419,0.005937511567026377,0.02519918791949749
mistralai/Mistral-7B-Instruct-v0.2,60,alpaca,1000,0.07373755766098207,0.007269106339663267,0.03945697844028473
mistralai/Mistral-7B-Instruct-v0.2,70,alpaca,1000,0.07017090101304663,0.008723041042685509,0.05489650368690491
mistralai/Mistral-7B-Instruct-v0.2,80,alpaca,1000,0.06581320013275858,0.010317692533135414,0.07077168673276901
mistralai/Mistral-7B-Instruct-v0.2,90,alpaca,1000,0.07782750674950661,0.011960631236433983,0.08596312254667282
mistralai/Mistral-7B-Instruct-v0.2,100,alpaca,1000,0.08339770934269577,0.013507571071386337,0.09957399219274521
Qwen/Qwen2.5-7B-Instruct,10,alpaca,1000,2.233073233830389e-05,0.0021699555218219757,0.0025604417813675745
Qwen/Qwen2.5-7B-Instruct,20,alpaca,1000,0.1643855641660444,0.004288711984242711,0.005960528339658465
Qwen/Qwen2.5-7B-Instruct,30,alpaca,1000,0.17131584571215913,0.004991292953491211,0.011797628232410975
Qwen/Qwen2.5-7B-Instruct,40,alpaca,1000,0.07644751761718936,0.005515363599572863,0.01870408867086683
Qwen/Qwen2.5-7B-Instruct,50,alpaca,1000,0.0851457484490884,0.006319453141519001,0.02628168889454433
Qwen/Qwen2.5-7B-Instruct,60,alpaca,1000,0.08168548324588103,0.006919544190168381,0.0324044440473829
Qwen/Qwen2.5-7B-Instruct,70,alpaca,1000,0.08630086437770008,0.007190763418163572,0.036895466702325005
Qwen/Qwen2.5-7B-Instruct,80,alpaca,1000,0.09398931223975628,0.007322677544185093,0.04010424869401114
Qwen/Qwen2.5-7B-Instruct,90,alpaca,1000,0.0949915748122874,0.00735695447240557,0.04237907699176243
Qwen/Qwen2.5-7B-Instruct,100,alpaca,1000,0.09513526370954238,0.007392452231475285,0.0444786718913487
Qwen/Qwen2.5-14B-Instruct,10,alpaca,1000,0.0015864620638023081,0.0014007790014147758,0.0017163153737783433
Qwen/Qwen2.5-14B-Instruct,20,alpaca,1000,0.018695953042422605,0.002837162837386131,0.0040960140526294705
Qwen/Qwen2.5-14B-Instruct,30,alpaca,1000,0.18884046044890462,0.0030973741784691812,0.0070057414472103115
Qwen/Qwen2.5-14B-Instruct,40,alpaca,1000,0.08100700493875783,0.0032475356012582777,0.009991822391748428
Qwen/Qwen2.5-14B-Instruct,50,alpaca,1000,0.08952009385042568,0.0036052774637937548,0.013510663807392121
Qwen/Qwen2.5-14B-Instruct,60,alpaca,1000,0.08816680219659705,0.0038326878100633623,0.016391243040561675
Qwen/Qwen2.5-14B-Instruct,70,alpaca,1000,0.0914948591498759,0.004003489017486572,0.018738853931427
Qwen/Qwen2.5-14B-Instruct,80,alpaca,1000,0.09838025372012837,0.004133599251508713,0.020741309225559234
Qwen/Qwen2.5-14B-Instruct,90,alpaca,1000,0.1004836216348606,0.004216571524739266,0.022241823375225067
Qwen/Qwen2.5-14B-Instruct,100,alpaca,1000,0.09876684859003393,0.004265667125582695,0.023373328149318695
Qwen/Qwen2.5-1.5B-Instruct,10,alpaca,1000,0.057992014668799496,0.004749196271101634,0.005777776862184207
Qwen/Qwen2.5-1.5B-Instruct,20,alpaca,1000,0.10608698981197436,0.007603748391071956,0.01181784893075625
Qwen/Qwen2.5-1.5B-Instruct,30,alpaca,1000,0.20213886914321422,0.007192142307758331,0.018081386884053547
Qwen/Qwen2.5-1.5B-Instruct,40,alpaca,1000,0.09465097044397443,0.007613557701309522,0.027602826555569965
Qwen/Qwen2.5-1.5B-Instruct,50,alpaca,1000,0.10183388160345316,0.008610806738336882,0.039377848307291664
Qwen/Qwen2.5-1.5B-Instruct,60,alpaca,1000,0.09700281757274822,0.009715306262175242,0.050148919224739075
Qwen/Qwen2.5-1.5B-Instruct,70,alpaca,1000,0.10116873742844931,0.010713449368874231,0.05886335174242655
Qwen/Qwen2.5-1.5B-Instruct,80,alpaca,1000,0.10657176962758015,0.011405590921640396,0.06583865980307262
Qwen/Qwen2.5-1.5B-Instruct,90,alpaca,1000,0.11123452334469351,0.011924414585034052,0.07129598160584767
Qwen/Qwen2.5-1.5B-Instruct,100,alpaca,1000,0.11235772236665514,0.012321305771668753,0.07538824776808421
Qwen/Qwen2.5-0.5B-Instruct,10,alpaca,1000,0.1000652014925425,0.006936738001448768,0.008867063692637853
Qwen/Qwen2.5-0.5B-Instruct,20,alpaca,1000,0.19249501011117384,0.012871095112391881,0.01853614832673754
Qwen/Qwen2.5-0.5B-Instruct,30,alpaca,1000,0.2333730747626034,0.011983564921787806,0.029267083321298872
Qwen/Qwen2.5-0.5B-Instruct,40,alpaca,1000,0.11841998399989932,0.01312268738235746,0.044043506894792826
Qwen/Qwen2.5-0.5B-Instruct,50,alpaca,1000,0.13703280697707018,0.015233515628746577,0.060106209346226284
Qwen/Qwen2.5-0.5B-Instruct,60,alpaca,1000,0.1247878423711471,0.017635142164570943,0.07540947198867798
Qwen/Qwen2.5-0.5B-Instruct,70,alpaca,1000,0.12374523642373385,0.02025579341820308,0.08981755801609584
Qwen/Qwen2.5-0.5B-Instruct,80,alpaca,1000,0.13117473611746072,0.022041989224297658,0.0999823808670044
Qwen/Qwen2.5-0.5B-Instruct,90,alpaca,1000,0.13628422733572065,0.023921200207301548,0.10951946462903704
Qwen/Qwen2.5-0.5B-Instruct,100,alpaca,1000,0.13097461135113467,0.02588971597807748,0.11860312734331403
Qwen/Qwen2.5-3B-Instruct,10,alpaca,1000,3.793742226410683e-06,0.0036211523693054914,0.00437594298273325
Qwen/Qwen2.5-3B-Instruct,20,alpaca,1000,0.053886561118625324,0.006267948541790247,0.009929316118359566
Qwen/Qwen2.5-3B-Instruct,30,alpaca,1000,0.1668445230389289,0.005680176429450512,0.015563735738396645
Qwen/Qwen2.5-3B-Instruct,40,alpaca,1000,0.08645924850510961,0.005606305785477161,0.022449692711234093
Qwen/Qwen2.5-3B-Instruct,50,alpaca,1000,0.09848385092586058,0.006207505706697702,0.030421892181038857
Qwen/Qwen2.5-3B-Instruct,60,alpaca,1000,0.09577035678244025,0.006803908385336399,0.03781717270612717
Qwen/Qwen2.5-3B-Instruct,70,alpaca,1000,0.09755956928233182,0.007436712272465229,0.044785674661397934
Qwen/Qwen2.5-3B-Instruct,80,alpaca,1000,0.1061110598398143,0.007881141267716885,0.05024372786283493
Qwen/Qwen2.5-3B-Instruct,90,alpaca,1000,0.10928965460968151,0.008252860978245735,0.05477943643927574
Qwen/Qwen2.5-3B-Instruct,100,alpaca,1000,0.10841514491936638,0.008508067578077316,0.05820603668689728
