preprocess,metric,target,spearman_rho,p
raw,PR,SPC,-0.69,0.058
raw,PR,AR,-0.419,0.301
raw,PR,IFEval,-0.405,0.32
raw,PR,BBH,-0.548,0.16
raw,PR,MMLU-PRO,-0.619,0.102
raw,ER,SPC,-0.762,0.028
raw,ER,AR,-0.204,0.629
raw,ER,IFEval,-0.381,0.352
raw,ER,BBH,-0.476,0.233
raw,ER,MMLU-PRO,-0.571,0.139
zscore,PR,SPC,0.095,0.823
zscore,PR,AR,-0.048,0.91
zscore,PR,IFEval,-0.643,0.086
zscore,PR,BBH,-0.571,0.139
zscore,PR,MMLU-PRO,-0.667,0.071
zscore,ER,SPC,0.143,0.736
zscore,ER,AR,-0.024,0.955
zscore,ER,IFEval,-0.571,0.139
zscore,ER,BBH,-0.524,0.183
zscore,ER,MMLU-PRO,-0.619,0.102
robust,PR,SPC,-0.69,0.058
robust,PR,AR,-0.419,0.301
robust,PR,IFEval,-0.405,0.32
robust,PR,BBH,-0.548,0.16
robust,PR,MMLU-PRO,-0.619,0.102
robust,ER,SPC,-0.762,0.028
robust,ER,AR,-0.204,0.629
robust,ER,IFEval,-0.381,0.352
robust,ER,BBH,-0.476,0.233
robust,ER,MMLU-PRO,-0.571,0.139
